path,bytes,sha256,role
.gitignore,231,3fdfd1f8dfb36799198e1d77a05a81684f22633bf8e293ff13dbd503798d1b75,release_documentation_or_verification
CITATION.cff,797,5df3d219f752384befbbced6466101553e2f7e0a96e343f7fe2334e6612ad93f,release_documentation_or_verification
data/external/government_grants.csv,69081154,9861cb9e37a2ba474cda7ae52535cf29b155bc2287088fd17fac0f0ea1ed146f,analysis_input
data/processed/market_level_summaries.csv,15138732,38dba88381ed43ae2dc4628022ed11a9a625f24de0ee2fd786723b0a764c370f,analysis_input
data/processed/pz_constituency_measures.csv,1239922600,3bf6f4f269ed1aa68ffa1bdcb353f441ae0e0edb0da61b8bd1634a7018ee767e,analysis_input
DATA_DICTIONARY.md,4879,153158539ddda65649a83460a54ef7b6805b1a6a2725778f57a0e985bff97209,release_documentation_or_verification
DATA_PROVENANCE.md,3465,80d8119d42dfb866746bc79be8ee92923c9eacd8ec6deb45899c443c2a2d41bc,release_documentation_or_verification
EXHIBIT_MAP.csv,4349,9abbd05b67132ea37151e99bdcd90884f9b31014b801ce83a141617c503c661a,release_documentation_or_verification
expected/coupling/available_sample_means.csv,33471,78c894a68237fd37303b0943f896fed20b7b185d521a31f3c068f12d82a6c3a9,certified_reference_output
expected/coupling/common_policy_coupling.csv,1341,525bfd6f1e3512c15ba216d35d361580ebecef7e4371b005bee61d31d874e9d7,certified_reference_output
expected/coupling/duplicate_grant_lookup_used.csv,10440271,6678a428ffa1a2ab782bb8a04936566102b81baf977a71582e2ac5736f89edf0,certified_reference_output
expected/coupling/paired_coupling.csv,37562,99fb9fc1e4bd32294ef232834a17536298c6ce953d8cf582de2bdd3d4f518e26,certified_reference_output
expected/coupling/reference_coupling_validation.csv,524,58c569777ec1d31236dd4fcbc0b900ee021352abe50b0a9a9334558716493b84,certified_reference_output
expected/coupling/reference_market_validation.csv,121,fa85e4b37865dcb7b89d420971921d93c67a26b17faf35dd8781a3ed826fd9d5,certified_reference_output
expected/coupling/reporting_alignment_verification.csv,9765,c54e24f0bccf3d45e59e214dc22db118204d0c65c3ae35b46cce45c508073cd3,certified_reference_output
expected/coupling/scenario_audit.csv,260,ea2893f20e0580afceb0e65455030ce1f5c91af6eff66e5fde12c03d447ec951,certified_reference_output
expected/coupling/selected_policy_validation.csv,94,e0ec76dc18dc8968c8cc01686d25700fbf301ba39512da82ee83fc6ce93084a1,certified_reference_output
expected/exhibits/appendix_b1.png,91858,81c4ac240062ccbfa9a1b30b4d3f935e9fae54e0badb39be368eae088d17af55,certified_reference_figure
expected/exhibits/appendix_b2.png,81295,b7fb0d7d44a551c69f3630b4efaecc881221a6282001e03ce0e242a4d4f9c2cf,certified_reference_figure
expected/exhibits/bimodality_by_sector.csv,1816,7a9896ae36e02a39712358ac4fb1fb30eb819e0606847a89e05ddc1d044682c7,certified_reference_output
expected/exhibits/bimodality_by_size.csv,974,baaf0adc6fc47e240ab48b43248735c2c6aafe3081fcbc0e469179a268e6e45e,certified_reference_output
expected/exhibits/figure1.png,155489,5dc195bf35f10a5391f6a210c537458583329775429a67261b4b376cba117a90,certified_reference_figure
expected/exhibits/figure2.png,45702,698be636d4b8fc48c4785c9be86e37ecd7c4bb0c95e59b2edfd9c24a69a75efc,certified_reference_figure
expected/exhibits/figure3.png,52166,51a92200a0b83ca65fa2f02cbfc0356da9d12bf15db807b9a0c9126e7990e668,certified_reference_figure
expected/exhibits/filing_size.csv,117,0c14eece030750d594a47f04aae29ae630368c19075d6bab85ec9440010553d0,certified_reference_output
expected/exhibits/health_growth.csv,4969,478760acf208755b97d969010b0ebe0b2ce9ea0157980697e943753793c0e5fc,certified_reference_output
expected/exhibits/hhi_cr4_check.csv,97,15da3aa4286b8fdeb6ae0fb32d94f9a116413999bebc61a091d5578e0aa7c808,certified_reference_output
expected/exhibits/reporting_annual.csv,2369,071693e239e58ffccc630c4259e6d07678e377914a7ee24e1aeb2098ebf1f622,certified_reference_output
expected/exhibits/reporting_original_by_year_form.csv,1336,cbd54bf1e00a9895ccc5fe013777b94bfa646b43d1b5dedb885e0b7b371c4fcc,certified_reference_output
expected/exhibits/reporting_selected_by_year_form.csv,1375,30cea97625f373b9f428f270c016c533deba0ed5d49db7c49303bdf9afd7f4a6,certified_reference_output
expected/exhibits/sample_counts.csv,106,ddfeafbb0d3bde2ed6745cfcff0ed019dc0e7a656fafd9e8002b58bbdd64c07e,certified_reference_output
expected/exhibits/table1_sector.csv,1995,89c9f53f6599952fdd9190bf0ce599f15758f44dc6c0dc54011993aa1d191b69,certified_reference_output
expected/exhibits/table2_recent_sector.csv,2129,fd27aa8c329bbc2e305d3cee32a9eeac0d8bbccc24429ac030d8838286fa9fe1,certified_reference_output
expected/exhibits/table3_hhi_correlations.csv,666,0fb4f53595d61d3aa55e7669fa1a570dc0b71582075c72299db9766dbb9c6981,certified_reference_output
expected/growth/active_hhi_centers.csv,4262,d844919a8ff3d7ccbe493d21a2492f72663a0122410eced38a582849557866fa,certified_reference_output
expected/growth/coefficients.csv,117417,e0d49f6a776531ee562c51a4913281f1e3140c594c980699e9f301c26f38e88a,certified_reference_output
expected/growth/combined_correction_headlines.csv,552,c06ddedde0e2152ef9711f3013cfbf0d7b8d8b1baf1c6837887e5a5aba5ad7f9,certified_reference_output
expected/growth/iqr_effects.csv,32859,6318df686b7a014850d6160d0b949a3d8b7a066d36be9e7ed5600ff344ab25cc,certified_reference_output
expected/growth/model_samples.csv,13109,a98ae565e24ab000ec2b9150cb1e0b39fa3499432a9cab9fb209ecaa29e12df7,certified_reference_output
expected/growth/reference_model_validation.csv,1468,74689edce1792eef8d8c69dde0bc5a6a5df08cec3769edcff41c0c59f4b30dd4,certified_reference_output
expected/sensitivity/largest_floor_market_years.csv,3330,1efc58a55e3de4a3e22df0633352abdc4f6df78c237658834f57330c2c5ba141,certified_reference_output
expected/sensitivity/paired_sensitivities.csv,7270,1f03686ad6554ebcec5d890245bc157db1b70c66597fb6ddcc346ebdd872d7e2,certified_reference_output
expected/tables/active_side_composition.csv,1202,2de0c700ee0988693227b292658e639f3b100a368d8ae62c8f1cb9aeb82ce5c4,certified_reference_output
expected/tables/bimodality.csv,5307,3c90456460b064c4df62178edc7d896ca585f50debed159c75e61c2093ef39b4,certified_reference_output
expected/tables/concordance_all_samples.csv,37562,99fb9fc1e4bd32294ef232834a17536298c6ce953d8cf582de2bdd3d4f518e26,certified_reference_output
expected/tables/descriptives_by_ntee_broad_clean.csv,8475,d9284c01637dd8ad8766c8ddb38b59cdfcbd9d9f28ecfb2338591a713edf7794,certified_reference_output
expected/tables/descriptives_by_size.csv,4604,a92c16d629313c44ef00fe25ce8aa1039cdbd6934561729abe5813e90e1e4bfb,certified_reference_output
expected/tables/descriptives_by_TAXYEAR.csv,8588,14f6fcfb104e9f62ee8438b94a050acd24cfabf99d9754d7000e6ab1dae7ea4c,certified_reference_output
expected/tables/descriptives_overall.csv,891,f014d5e4cf38c867bb7b33d6e81439509054822cde42f549b81ffe67bcd0d3b2,certified_reference_output
expected/tables/growth_display.csv,3084,562baa38a901c11cbbdf7bc6ae886745189a9a812d0867c52655f6bc7260bf19,certified_reference_output
expected/tables/headline.csv,552,119f7504f3d0d380bc605a0b4cc062c2de24d951c7ac104153bcf2fc9c1d679f,certified_reference_output
expected/tables/headline_validation.csv,936,628a1ab3bc7431a809df2eb7c3fb310c480bc8ec6dffae15867b4500c688358d,certified_reference_output
expected/tables/public_boundary_by_reporting.csv,153,85bec5f47f4770328bc86469be21672c2a470253f7bde54ea20444b33ea08a88,certified_reference_output
expected/tables/reporting_threshold_concentration.csv,3804,0a992bf25d6fc58872bc18058ce68dd8e2d9086273df01b80b01a48cbfadd1da,certified_reference_output
inputs/filing_policy/duplicate_grant_lookup.csv,10440271,6678a428ffa1a2ab782bb8a04936566102b81baf977a71582e2ac5736f89edf0,filing_policy_input
inputs/filing_policy/selected_market_measures.csv,10812356,af294a419e9edbb0dcac4e22d2293b7f5e25e449b655d61e187e1e1c8174d9b5,filing_policy_input
inputs/filing_policy/SUCCESS.txt,88,db2b54a510f2f7238b526c0208099f3071581ba7e8688cf48751e4064f7caf9f,filing_policy_input
inputs/source_coverage/source_determinability_keys.csv,171925672,373d4d306ee097d032b28a8bb850fa3786fadee3498b0c478cdd4f56b066d680,source_coverage_input
inputs/source_coverage/SUCCESS.txt,292,69ae6241959ff2103512bf1d5c9de64387996cb29ac92256f60ca9e5a058619f,source_coverage_input
LICENSE,1072,d8910b763dc3acd2909f19d92163e9f7c13a69250e6f05189357c999726bf705,release_documentation_or_verification
LICENSES.md,1052,2e04faa6052ba7c2c69badfee75b6e4b6b9fd6f33c6a8b0ac8dcf752fd5110fb,release_documentation_or_verification
output/revisions/NVSQ_R1_2026-07/tables/cbsa_acs5_controls_2012_2021.csv,1367067,4387f5fcbe8fd09cda0e129902f7a43c59e08ee33ca6b26817abebb921d5d9d7,controls_and_historical_validation
output/revisions/NVSQ_R1_2026-07/tables/coupling_validation_appendix.csv,10850,ccd2d92e9abdb7a60631e19e95e4fcff60fea696bf2465c038ad1376b62f40ca,controls_and_historical_validation
output/revisions/NVSQ_R1_2026-07/tables/entry_rerun_coefficients.csv,1386,b9719c3481cd296fc4422902f50600e8a688fa779d17c50c84545f46e270a362,controls_and_historical_validation
output/revisions/NVSQ_R1_2026-07/tables/sample_flags.csv,6005230,3694926b7a96f40abbec5a484c8aa935b58b274420587d526afd364eaae65194,controls_and_historical_validation
provenance/historical_renv.lock,513689,2137ed1ccef41bfb431229d5b3df2a02eacf827a7e7b30bf53f342e816445183,historical_environment_not_current_R2_lock
provenance/manuscript_manifest.json,1892,4d2edb483aa268deb67502b0b9eb0787df5e597267472c134edb4d4aef9fedf3,manuscript_identity_without_private_documents
provenance/preparation_session.txt,448,7a594b284b888c478f8f00c6f893194f3b98d5c675f8eca4341eaf20c8a355d7,release_documentation_or_verification
provenance/reference_runs/coupling/session_info.txt,514,611a5f670e30dcc44436d68dae140a773f5723cab5e8938d3ac363aa57820e16,reference_run_record
provenance/reference_runs/coupling/SUCCESS.txt,794,d070e4a4fa3b224355c8283b3d76921cec2d4708a4850749aa4d3b1f4326a04d,reference_run_record
provenance/reference_runs/exhibits/session_info.txt,1336,0b11e90ef65372c7b6115a01eed8407cbdafa2aeb9058aea4681dbdee7cb17cb,reference_run_record
provenance/reference_runs/exhibits/SUCCESS.txt,102,b25b3cbad9139e59ed58d0116276198b54f4f4a7a45b5699c85a26755184149a,reference_run_record
provenance/reference_runs/growth/session_info.txt,746,948cfc51e1ae1eab0194068c875d0c9d4c233ba3da42a43475b9e92f1f65c102,reference_run_record
provenance/reference_runs/growth/SUCCESS.txt,846,70b1fd28d93ac37fd03341509874e6c00b573dc9bbdf4643dbf227ac2d58d7a2,reference_run_record
provenance/reference_runs/sensitivity/session_info.txt,484,256ea5ade24ce42537d2e4f415b3551b07ff6acb0efc6ab086779cccbac2db0d,reference_run_record
provenance/reference_runs/sensitivity/SUCCESS.txt,400,8aa099d88fba061de89d64882a7704c3e593751f68eb7d0cdf33dd3dbd9a9a68,reference_run_record
provenance/reference_runs/tables/session_info.txt,517,19296857fccdaa2a736cf9214e31e8f97fcc97bacb016e519dabff9594611c45,reference_run_record
provenance/reference_runs/tables/SUCCESS.txt,132,445a65c46d9138b44b2576df41bafc18fd9efd89356e03869909c654eddae88a,reference_run_record
provenance/upstream_code/00_stack_pz_panel.R,10551,b939bc4e702bd65ab296d3fb0cc17076cceda4239f485d62fdce5c345ec1bb1f,historical_source_construction_not_run
provenance/upstream_code/01_extract_government_grants.R,12663,08ac91e981a382c7349a56510ffdba64eaa7aeb39aba629349ce8482c24cf637,historical_source_construction_not_run
provenance/upstream_code/02_clean_pz_panel.R,10833,61837e38f3c632e9a7323a82277ef7a6e00b17a283956287f71c34a8d30f04f3,historical_source_construction_not_run
provenance/upstream_code/03_link_geography_sector.R,13561,a8caecb0be3cc997085ba242103314ee448142afe11eb6d5e1a46f29a7394c5b,historical_source_construction_not_run
provenance/upstream_code/04_construct_constituency_revenue.R,15395,b306753ba2d552ae8868a4a9c3e366cf811bbfbe57d81cef0bcfeda8103422bd,historical_source_construction_not_run
provenance/upstream_code/05_construct_org_market_shares.R,17781,376a521f535ea0205b06e0903f74f990e3d693ece6acfeef355c0b9519f598ac,historical_source_construction_not_run
provenance/upstream_code/r1_p2_00_rebuild_acs_controls_5yr_mirror.py,3714,fb8b2688e3db8045b4b1fce16311f6c961bc003a8db600d2431cb701a5fb7c5d,historical_controls_construction_not_run
provenance/upstream_code/r2_00g_private_decomposability_coverage.R,14873,4d9938a1989dd26eb869e18b7ab2015b8c4caf055588089b6c42df438238dccf,historical_source_coverage_construction_not_run
provenance/upstream_code/r2_05_filing_selection_audit.py,3708,b283f6a7fe80becd6e4db2f2c5cd794a3e4429dde72c83a8e578e03380c3524e,historical_filing_policy_construction_not_run
provenance/upstream_code/r2_06_match_pz_periods.py,6406,4c8238e3cc4b2f52c47f748bd35eafdf4219ff45f9c9c8dbbda4ea3eb418c430,historical_filing_policy_construction_not_run
provenance/upstream_code/r2_07_build_selected_markets.py,5343,1d18875be211940c84748f153613535b512a201cd5c023809f4fce7dfc2a2439,historical_filing_policy_construction_not_run
README.md,5803,807224d0287b3d147db31944df336283ff929fef3a1f20f807270c0f14f6cd4d,release_documentation_or_verification
renv.lock,69484,de069fd36b32d95d5838becd4aa0a1a36a39c9979e2e7dd48b59dae96b72c0ca,release_documentation_or_verification
run_replication.py,6098,bebf89383b2c302e0e3aa2bf8f7cdf41fed63dc3d9e2ccbd2430436a8e59e06c,release_documentation_or_verification
scripts/r2_12_corrected_coupling.R,13648,fe9c4e892ccdf9ac146f3d87c3b24a2ba5351e7dfa7ab6f3bc0c3a6742ef7639,analysis_code
scripts/r2_13_corrected_net_growth.R,11675,b60463aa0f5ef2e8d844def0e26620b58f3359cfaed2464e083c664710c449cb,analysis_code
scripts/r2_14_coupling_sensitivities.R,3141,2af3b649afecbb87e2a9f0af9b766469da840530419f6ac7099638f783ae31d4,analysis_code
scripts/r2_15_combined_descriptives_and_tables.R,12347,d742c6e7da937ae7f7ddf084f93d5db8aec6309116f99cd71516867755d2a964,analysis_code
scripts/r2_16_submission_exhibits.R,10738,f1d1288579cb6e00f33b9f8276ce368e9f7b42c0eb30a828997ac1099aae56f7,analysis_code_portable_paths_only
setup_environment.R,382,46f30adaae6c4ee431aef63a1962cda801758a901590fac1d286193451bb6948,release_documentation_or_verification
SOFTWARE_VERSIONS.csv,620,9bccb3bef094f01fb40a66c82bbab67d591e500a0514e342c945361dd9036118,release_documentation_or_verification
verification/certified/comparison.json,6718,6ef424f0f0435c889325b6682bef58572b294e76eb25b35ba086fb3c9e6d9851,release_documentation_or_verification
verification/certified/comparison_rechecked.json,6895,db8f0fb0283da52e709bc5a8beb61ff09af6e952779e9e228265864901ee2941,release_documentation_or_verification
verification/certified/coupling.log,1979,4a1461102a3893cd5027810c52a47b3f85c866b867a07e699507facf19c4094c,release_documentation_or_verification
verification/certified/exhibits.log,6131,da87a4ec21eb285afb20f5c7942f15d4b6a5030ec471166c6bbeeed70109e633,release_documentation_or_verification
verification/certified/growth.log,4968,5ea773cf0e3f6491467a9f8bcc09473b5bdcee85646e56d72fa05e573cfe1ed5,release_documentation_or_verification
verification/certified/package_versions.txt,69,64cf3abbdccc1f41c0b57988b0227584b81608bf77fb5a006597763239800eb9,release_documentation_or_verification
verification/certified/sensitivity.log,187,6b4ccb80086c6bef04dd32183c2970b8dfe26409764e8e331a8e52c27b054cb8,release_documentation_or_verification
verification/certified/status.json,401,df85e5de6ef95af90f0fa5ffcca45b0959c4dac1c01658c2e74ba45632e504fc,release_documentation_or_verification
verification/certified/SUCCESS.txt,172,cef13a6accafe70de0a316652196e87aec86aa4c21462db6fcae193aad6c99d5,release_documentation_or_verification
verification/certified/tables.log,2380,c310834c4e145ad2964b6ae5c2e1c1fa8c6574abb4d56c4a5a6df3afa70399f4,release_documentation_or_verification
VERIFICATION.md,2108,2d1567b3030b513e7078e7fe44929cc6bb46cf07ba8c192ab3b735a143432b41,release_documentation_or_verification
