"Package","Version","Priority"
"data.table","1.18.4",NA
"fixest","0.14.2",NA
"diptest","0.77-2",NA
"ggplot2","4.0.3",NA
"numDeriv","2016.8-1.1",NA
"sandwich","3.1-3",NA
"Rcpp","1.1.2",NA
"dreamerr","1.5.0",NA
"stringmagic","1.3.0",NA
"Formula","1.2-6",NA
"zoo","1.9-0",NA
"cli","3.6.6",NA
"gtable","0.3.6",NA
"isoband","0.3.0",NA
"lifecycle","1.0.5",NA
"rlang","1.3.0",NA
"S7","0.2.2",NA
"scales","1.4.0",NA
"vctrs","0.7.3",NA
"withr","3.0.3",NA
"glue","1.8.1",NA
"cpp11","0.5.5",NA
"farver","2.1.2",NA
"labeling","0.4.3",NA
"R6","2.6.1",NA
"RColorBrewer","1.1-3",NA
"viridisLite","0.4.3",NA
