scenario,sample,metric,N,mean
original_rows,full,gross_pp_pearson,48029,0.577071259573887
original_rows,full,gross_pc_pearson,66686,0.176296136829969
original_rows,full,net_pp_pearson,47988,0.178872658038325
original_rows,full,net_pc_pearson,66654,0.135316030625197
original_rows,full,gross_pp_spearman,48029,0.469131835883263
original_rows,full,gross_pc_spearman,66686,0.026313366615454
original_rows,full,net_pp_spearman,47988,0.161903321615224
original_rows,full,net_pc_spearman,66654,-0.0313651900280321
original_rows,full,gross_pp_partial,45626,0.49033748269684
original_rows,full,gross_pc_partial,59068,-0.0918522533706681
original_rows,full,net_pp_partial,45645,0.00559903781679381
original_rows,full,net_pc_partial,59087,-0.102078846264576
original_rows,full,gross_pp_participation_phi,37140,0.191110508425872
original_rows,full,gross_pc_participation_phi,46846,-0.210672249352747
original_rows,full,net_pp_participation_phi,39121,0.0142022574404668
original_rows,full,net_pc_participation_phi,48652,-0.223672161253075
original_rows,full,gross_pp_positive_spearman,28963,0.72604012147951
original_rows,full,gross_pc_positive_spearman,48726,0.288394233512081
original_rows,full,net_pp_positive_spearman,26790,0.196851565502104
original_rows,full,net_pc_positive_spearman,48028,0.251340021704943
original_rows,n_ge_10,gross_pp_pearson,36883,0.56906121217494
original_rows,n_ge_10,gross_pc_pearson,41954,0.208799422514018
original_rows,n_ge_10,net_pp_pearson,36883,0.180268607705403
original_rows,n_ge_10,net_pc_pearson,41954,0.174643179235048
original_rows,n_ge_10,gross_pp_spearman,36883,0.447629290986026
original_rows,n_ge_10,gross_pc_spearman,41954,0.0140527377994237
original_rows,n_ge_10,net_pp_spearman,36883,0.165827937273388
original_rows,n_ge_10,net_pc_spearman,41954,-0.0445545123320955
original_rows,n_ge_10,gross_pp_partial,36883,0.497332539877846
original_rows,n_ge_10,gross_pc_partial,41954,-0.0539158553938015
original_rows,n_ge_10,net_pp_partial,36883,0.0262906265179744
original_rows,n_ge_10,net_pc_partial,41954,-0.0610458085786139
original_rows,n_ge_10,gross_pp_participation_phi,32939,0.172832681926331
original_rows,n_ge_10,gross_pc_participation_phi,37127,-0.190040526158382
original_rows,n_ge_10,net_pp_participation_phi,33871,0.0194062838882838
original_rows,n_ge_10,net_pc_participation_phi,38055,-0.203281510155001
original_rows,n_ge_10,gross_pp_positive_spearman,27478,0.727084205618333
original_rows,n_ge_10,gross_pc_positive_spearman,40052,0.293776170711468
original_rows,n_ge_10,net_pp_positive_spearman,25642,0.199063487809453
original_rows,n_ge_10,net_pc_positive_spearman,39769,0.255644020024509
original_rows,years_2020_21,gross_pp_pearson,11138,0.635818132672803
original_rows,years_2020_21,gross_pc_pearson,13283,0.223997073184212
original_rows,years_2020_21,net_pp_pearson,11124,0.232330874980031
original_rows,years_2020_21,net_pc_pearson,13271,0.138733301905125
original_rows,years_2020_21,gross_pp_spearman,11138,0.548359981603881
original_rows,years_2020_21,gross_pc_spearman,13283,0.0754969700946312
original_rows,years_2020_21,net_pp_spearman,11124,0.216572455429719
original_rows,years_2020_21,net_pc_spearman,13271,-0.0252227778025754
original_rows,years_2020_21,gross_pp_partial,10403,0.536255055274854
original_rows,years_2020_21,gross_pc_partial,11720,-0.0207636493598763
original_rows,years_2020_21,net_pp_partial,10409,0.0312712532512583
original_rows,years_2020_21,net_pc_partial,11728,-0.0823163133307786
original_rows,years_2020_21,gross_pp_participation_phi,8118,0.238086145027981
original_rows,years_2020_21,gross_pc_participation_phi,9199,-0.193820359267789
original_rows,years_2020_21,net_pp_participation_phi,8720,0.0367052391388634
original_rows,years_2020_21,net_pc_participation_phi,9768,-0.218166381959333
original_rows,years_2020_21,gross_pp_positive_spearman,7457,0.739046581380711
original_rows,years_2020_21,gross_pc_positive_spearman,9660,0.341084644564238
original_rows,years_2020_21,net_pp_positive_spearman,7000,0.24400382710734
original_rows,years_2020_21,net_pc_positive_spearman,9466,0.258315211681711
original_rows,high_reporting_2020_21,gross_pp_pearson,8194,0.695376070657447
original_rows,high_reporting_2020_21,gross_pc_pearson,8224,0.323385902259445
original_rows,high_reporting_2020_21,net_pp_pearson,8180,0.249428201285928
original_rows,high_reporting_2020_21,net_pc_pearson,8212,0.204539209726604
original_rows,high_reporting_2020_21,gross_pp_spearman,8194,0.604308422501087
original_rows,high_reporting_2020_21,gross_pc_spearman,8224,0.175245428366249
original_rows,high_reporting_2020_21,net_pp_spearman,8180,0.234681931309594
original_rows,high_reporting_2020_21,net_pc_spearman,8212,0.0346110459775583
original_rows,high_reporting_2020_21,gross_pp_partial,7459,0.598232430988662
original_rows,high_reporting_2020_21,gross_pc_partial,7523,0.0480528865842344
original_rows,high_reporting_2020_21,net_pp_partial,7465,0.0308039803039388
original_rows,high_reporting_2020_21,net_pc_partial,7531,-0.0328542809470753
original_rows,high_reporting_2020_21,gross_pp_participation_phi,5644,0.269270497328488
original_rows,high_reporting_2020_21,gross_pc_participation_phi,5652,-0.140028653170197
original_rows,high_reporting_2020_21,net_pp_participation_phi,6179,0.0438110822562841
original_rows,high_reporting_2020_21,net_pc_participation_phi,6158,-0.176328271729767
original_rows,high_reporting_2020_21,gross_pp_positive_spearman,5972,0.756486706079348
original_rows,high_reporting_2020_21,gross_pc_positive_spearman,6629,0.379029735931136
original_rows,high_reporting_2020_21,net_pp_positive_spearman,5658,0.242812336464977
original_rows,high_reporting_2020_21,net_pc_positive_spearman,6464,0.275342321494608
original_rows,high_reporting_2020_21_n_ge_10,gross_pp_pearson,5520,0.708729867279444
original_rows,high_reporting_2020_21_n_ge_10,gross_pc_pearson,5527,0.318593230376916
original_rows,high_reporting_2020_21_n_ge_10,net_pp_pearson,5520,0.258012952132443
original_rows,high_reporting_2020_21_n_ge_10,net_pc_pearson,5527,0.220785678713455
original_rows,high_reporting_2020_21_n_ge_10,gross_pp_spearman,5520,0.603409425375857
original_rows,high_reporting_2020_21_n_ge_10,gross_pc_spearman,5527,0.141356438635553
original_rows,high_reporting_2020_21_n_ge_10,net_pp_spearman,5520,0.24924496084978
original_rows,high_reporting_2020_21_n_ge_10,net_pc_spearman,5527,0.0100809513113185
original_rows,high_reporting_2020_21_n_ge_10,gross_pp_partial,5520,0.623312940419942
original_rows,high_reporting_2020_21_n_ge_10,gross_pc_partial,5527,0.0663468253659254
original_rows,high_reporting_2020_21_n_ge_10,net_pp_partial,5520,0.0614471037561758
original_rows,high_reporting_2020_21_n_ge_10,net_pc_partial,5527,-0.00415226221870151
original_rows,high_reporting_2020_21_n_ge_10,gross_pp_participation_phi,4777,0.24197681616879
original_rows,high_reporting_2020_21_n_ge_10,gross_pc_participation_phi,4782,-0.141014678425617
original_rows,high_reporting_2020_21_n_ge_10,net_pp_participation_phi,5031,0.0488808782701523
original_rows,high_reporting_2020_21_n_ge_10,net_pc_participation_phi,5036,-0.17190848345742
original_rows,high_reporting_2020_21_n_ge_10,gross_pp_positive_spearman,5319,0.758599159433619
original_rows,high_reporting_2020_21_n_ge_10,gross_pc_positive_spearman,5424,0.376982219446685
original_rows,high_reporting_2020_21_n_ge_10,net_pp_positive_spearman,5137,0.248590568007978
original_rows,high_reporting_2020_21_n_ge_10,net_pc_positive_spearman,5367,0.27596231530472
original_rows,strict_revenue_95,gross_pp_pearson,3358,0.915181868177208
original_rows,strict_revenue_95,gross_pc_pearson,3321,0.484088816632551
original_rows,strict_revenue_95,net_pp_pearson,3315,0.475431069943209
original_rows,strict_revenue_95,net_pc_pearson,3289,0.337047296321738
original_rows,strict_revenue_95,gross_pp_spearman,3358,0.774204798708564
original_rows,strict_revenue_95,gross_pc_spearman,3321,0.29175792210581
original_rows,strict_revenue_95,net_pp_spearman,3315,0.383343594433637
original_rows,strict_revenue_95,net_pc_spearman,3289,0.120280270151345
original_rows,strict_revenue_95,gross_pp_partial,2559,0.853259380973409
original_rows,strict_revenue_95,gross_pc_partial,2565,0.217437372232348
original_rows,strict_revenue_95,net_pp_partial,2559,0.264020215803731
original_rows,strict_revenue_95,net_pc_partial,2565,0.129121290314343
original_rows,strict_revenue_95,gross_pp_participation_phi,2091,0.386847426607815
original_rows,strict_revenue_95,gross_pc_participation_phi,1973,-0.120989683901228
original_rows,strict_revenue_95,net_pp_participation_phi,2325,0.114577838897092
original_rows,strict_revenue_95,net_pc_participation_phi,2196,-0.17115118227563
original_rows,strict_revenue_95,gross_pp_positive_spearman,1699,0.82145603892179
original_rows,strict_revenue_95,gross_pc_positive_spearman,2142,0.444169848509857
original_rows,strict_revenue_95,net_pp_positive_spearman,1510,0.286123998386508
original_rows,strict_revenue_95,net_pc_positive_spearman,1997,0.33601805425331
original_rows,strict_revenue_100,gross_pp_pearson,335,0.817007800082831
original_rows,strict_revenue_100,gross_pc_pearson,314,0.20616961118848
original_rows,strict_revenue_100,net_pp_pearson,292,0.462655739821747
original_rows,strict_revenue_100,net_pc_pearson,282,0.159887834772873
original_rows,strict_revenue_100,gross_pp_spearman,335,0.821952118046053
original_rows,strict_revenue_100,gross_pc_spearman,314,0.179969528436651
original_rows,strict_revenue_100,net_pp_spearman,292,0.486314123153714
original_rows,strict_revenue_100,net_pc_spearman,282,0.135596849664623
original_rows,strict_revenue_100,gross_pp_partial,52,0.792958377200188
original_rows,strict_revenue_100,gross_pc_partial,52,-0.113424396256006
original_rows,strict_revenue_100,net_pp_partial,50,0.1423569184884
original_rows,strict_revenue_100,net_pc_partial,50,-0.0506182614446848
original_rows,strict_revenue_100,gross_pp_participation_phi,196,0.963598811237104
original_rows,strict_revenue_100,gross_pc_participation_phi,106,0.0668494840281857
original_rows,strict_revenue_100,net_pp_participation_phi,155,0.822378700511387
original_rows,strict_revenue_100,net_pc_participation_phi,96,-0.0295654190317301
original_rows,strict_revenue_100,gross_pp_positive_spearman,59,0.772472942617929
original_rows,strict_revenue_100,gross_pc_positive_spearman,31,0.532565284178187
original_rows,strict_revenue_100,net_pp_positive_spearman,46,0.217149758454106
original_rows,strict_revenue_100,net_pc_positive_spearman,20,0.293333333333333
selected_policy,full,gross_pp_pearson,48007,0.577354412378937
selected_policy,full,gross_pc_pearson,66675,0.176496200480143
selected_policy,full,net_pp_pearson,47964,0.179319294288763
selected_policy,full,net_pc_pearson,66643,0.13548998083395
selected_policy,full,gross_pp_spearman,48007,0.468693360785919
selected_policy,full,gross_pc_spearman,66675,0.0259791562873675
selected_policy,full,net_pp_spearman,47964,0.162005107588708
selected_policy,full,net_pc_spearman,66643,-0.0316913006809588
selected_policy,full,gross_pp_partial,45571,0.490828383469521
selected_policy,full,gross_pc_partial,58987,-0.091220870806264
selected_policy,full,net_pp_partial,45587,0.00642518030394736
selected_policy,full,net_pc_partial,59002,-0.101595886592011
selected_policy,full,gross_pp_participation_phi,37125,0.190666668334061
selected_policy,full,gross_pc_participation_phi,46838,-0.210976366617646
selected_policy,full,net_pp_participation_phi,39097,0.0140337005682434
selected_policy,full,net_pc_participation_phi,48635,-0.224026391773447
selected_policy,full,gross_pp_positive_spearman,28726,0.727148761375764
selected_policy,full,gross_pc_positive_spearman,48568,0.288042748129143
selected_policy,full,net_pp_positive_spearman,26572,0.198808641857185
selected_policy,full,net_pc_positive_spearman,47859,0.250966472284263
selected_policy,n_ge_10,gross_pp_pearson,36742,0.569481143251377
selected_policy,n_ge_10,gross_pc_pearson,41769,0.209082379193462
selected_policy,n_ge_10,net_pp_pearson,36742,0.181004988601669
selected_policy,n_ge_10,net_pc_pearson,41769,0.174920431366497
selected_policy,n_ge_10,gross_pp_spearman,36742,0.44702731294776
selected_policy,n_ge_10,gross_pc_spearman,41769,0.0132520558041818
selected_policy,n_ge_10,net_pp_spearman,36742,0.166023931960284
selected_policy,n_ge_10,net_pc_spearman,41769,-0.0453316904481056
selected_policy,n_ge_10,gross_pp_partial,36742,0.497987241173634
selected_policy,n_ge_10,gross_pc_partial,41769,-0.0530337503129074
selected_policy,n_ge_10,net_pp_partial,36742,0.0274839500952718
selected_policy,n_ge_10,net_pc_partial,41769,-0.0603554345968116
selected_policy,n_ge_10,gross_pp_participation_phi,32854,0.172328642431988
selected_policy,n_ge_10,gross_pc_participation_phi,37018,-0.190281790302741
selected_policy,n_ge_10,net_pp_participation_phi,33770,0.019353231504656
selected_policy,n_ge_10,net_pc_participation_phi,37930,-0.203621627596415
selected_policy,n_ge_10,gross_pp_positive_spearman,27276,0.728433288481692
selected_policy,n_ge_10,gross_pc_positive_spearman,39876,0.293789492361722
selected_policy,n_ge_10,net_pp_positive_spearman,25443,0.201213890626919
selected_policy,n_ge_10,net_pc_positive_spearman,39586,0.255542933733161
selected_policy,years_2020_21,gross_pp_pearson,11129,0.636532799948249
selected_policy,years_2020_21,gross_pc_pearson,13278,0.224423142348471
selected_policy,years_2020_21,net_pp_pearson,11115,0.233217987797348
selected_policy,years_2020_21,net_pc_pearson,13266,0.139097303978502
selected_policy,years_2020_21,gross_pp_spearman,11129,0.548321729972522
selected_policy,years_2020_21,gross_pc_spearman,13278,0.0751308605766023
selected_policy,years_2020_21,net_pp_spearman,11115,0.216931075415644
selected_policy,years_2020_21,net_pc_spearman,13266,-0.0255018217951095
selected_policy,years_2020_21,gross_pp_partial,10391,0.537124275016628
selected_policy,years_2020_21,gross_pc_partial,11705,-0.0199039280087362
selected_policy,years_2020_21,net_pp_partial,10394,0.0328237567411742
selected_policy,years_2020_21,net_pc_partial,11710,-0.0817775405795733
selected_policy,years_2020_21,gross_pp_participation_phi,8112,0.237704542270108
selected_policy,years_2020_21,gross_pc_participation_phi,9195,-0.194143152497799
selected_policy,years_2020_21,net_pp_participation_phi,8712,0.0365176701106871
selected_policy,years_2020_21,net_pc_participation_phi,9762,-0.218487822960626
selected_policy,years_2020_21,gross_pp_positive_spearman,7404,0.739511513623675
selected_policy,years_2020_21,gross_pc_positive_spearman,9609,0.341396465302482
selected_policy,years_2020_21,net_pp_positive_spearman,6939,0.245614431217955
selected_policy,years_2020_21,net_pc_positive_spearman,9416,0.258136850420515
selected_policy,high_reporting_2020_21,gross_pp_pearson,8169,0.695980712644891
selected_policy,high_reporting_2020_21,gross_pc_pearson,8198,0.324558250513337
selected_policy,high_reporting_2020_21,net_pp_pearson,8155,0.250611863705971
selected_policy,high_reporting_2020_21,net_pc_pearson,8186,0.205772272562064
selected_policy,high_reporting_2020_21,gross_pp_spearman,8169,0.60385705975002
selected_policy,high_reporting_2020_21,gross_pc_spearman,8198,0.175096713573504
selected_policy,high_reporting_2020_21,net_pp_spearman,8155,0.234441817567824
selected_policy,high_reporting_2020_21,net_pc_spearman,8186,0.0344734383158877
selected_policy,high_reporting_2020_21,gross_pp_partial,7431,0.599042219983048
selected_policy,high_reporting_2020_21,gross_pc_partial,7493,0.0497113987799092
selected_policy,high_reporting_2020_21,net_pp_partial,7434,0.0327536299677367
selected_policy,high_reporting_2020_21,net_pc_partial,7498,-0.0311955318675544
selected_policy,high_reporting_2020_21,gross_pp_participation_phi,5618,0.26896642461199
selected_policy,high_reporting_2020_21,gross_pc_participation_phi,5626,-0.140012228893416
selected_policy,high_reporting_2020_21,net_pp_participation_phi,6152,0.0434881960536008
selected_policy,high_reporting_2020_21,net_pc_participation_phi,6131,-0.176190546767697
selected_policy,high_reporting_2020_21,gross_pp_positive_spearman,5911,0.75594580142904
selected_policy,high_reporting_2020_21,gross_pc_positive_spearman,6574,0.377981578974365
selected_policy,high_reporting_2020_21,net_pp_positive_spearman,5591,0.243579792993824
selected_policy,high_reporting_2020_21,net_pc_positive_spearman,6409,0.274002894226249
selected_policy,high_reporting_2020_21_n_ge_10,gross_pp_pearson,5470,0.709951679276519
selected_policy,high_reporting_2020_21_n_ge_10,gross_pc_pearson,5478,0.319907283062505
selected_policy,high_reporting_2020_21_n_ge_10,net_pp_pearson,5470,0.25933017649094
selected_policy,high_reporting_2020_21_n_ge_10,net_pc_pearson,5478,0.222035442937401
selected_policy,high_reporting_2020_21_n_ge_10,gross_pp_spearman,5470,0.602979227197289
selected_policy,high_reporting_2020_21_n_ge_10,gross_pc_spearman,5478,0.14114280290118
selected_policy,high_reporting_2020_21_n_ge_10,net_pp_spearman,5470,0.248423285836446
selected_policy,high_reporting_2020_21_n_ge_10,net_pc_spearman,5478,0.00940416650333125
selected_policy,high_reporting_2020_21_n_ge_10,gross_pp_partial,5470,0.625314691818974
selected_policy,high_reporting_2020_21_n_ge_10,gross_pc_partial,5478,0.06812761036808
selected_policy,high_reporting_2020_21_n_ge_10,net_pp_partial,5470,0.0636338058375296
selected_policy,high_reporting_2020_21_n_ge_10,net_pc_partial,5478,-0.00232458989615514
selected_policy,high_reporting_2020_21_n_ge_10,gross_pp_participation_phi,4741,0.24161393537337
selected_policy,high_reporting_2020_21_n_ge_10,gross_pc_participation_phi,4747,-0.141101657352644
selected_policy,high_reporting_2020_21_n_ge_10,net_pp_participation_phi,4995,0.0483123547363691
selected_policy,high_reporting_2020_21_n_ge_10,net_pc_participation_phi,5001,-0.172255704671168
selected_policy,high_reporting_2020_21_n_ge_10,gross_pp_positive_spearman,5259,0.758565687193193
selected_policy,high_reporting_2020_21_n_ge_10,gross_pc_positive_spearman,5375,0.377954098814856
selected_policy,high_reporting_2020_21_n_ge_10,net_pp_positive_spearman,5074,0.249508544783263
selected_policy,high_reporting_2020_21_n_ge_10,net_pc_positive_spearman,5314,0.276753011192507
selected_policy,strict_revenue_95,gross_pp_pearson,3348,0.915150224236657
selected_policy,strict_revenue_95,gross_pc_pearson,3311,0.483539437325492
selected_policy,strict_revenue_95,net_pp_pearson,3305,0.4747999719611
selected_policy,strict_revenue_95,net_pc_pearson,3279,0.335805491659448
selected_policy,strict_revenue_95,gross_pp_spearman,3348,0.77402137858155
selected_policy,strict_revenue_95,gross_pc_spearman,3311,0.29016151980589
selected_policy,strict_revenue_95,net_pp_spearman,3305,0.382178683415907
selected_policy,strict_revenue_95,net_pc_spearman,3279,0.117706820395774
selected_policy,strict_revenue_95,gross_pp_partial,2538,0.852785072825756
selected_policy,strict_revenue_95,gross_pc_partial,2544,0.219848852216324
selected_policy,strict_revenue_95,net_pp_partial,2538,0.26494011265727
selected_policy,strict_revenue_95,net_pc_partial,2544,0.129524112366324
selected_policy,strict_revenue_95,gross_pp_participation_phi,2087,0.386906465708857
selected_policy,strict_revenue_95,gross_pc_participation_phi,1969,-0.121654083381343
selected_policy,strict_revenue_95,net_pp_participation_phi,2319,0.11344585139698
selected_policy,strict_revenue_95,net_pc_participation_phi,2190,-0.172593174010955
selected_policy,strict_revenue_95,gross_pp_positive_spearman,1668,0.822501604871551
selected_policy,strict_revenue_95,gross_pc_positive_spearman,2125,0.441653779143287
selected_policy,strict_revenue_95,net_pp_positive_spearman,1479,0.288998592529073
selected_policy,strict_revenue_95,net_pc_positive_spearman,1979,0.332040067088775
selected_policy,strict_revenue_100,gross_pp_pearson,335,0.81709094132333
selected_policy,strict_revenue_100,gross_pc_pearson,314,0.206354376424169
selected_policy,strict_revenue_100,net_pp_pearson,292,0.462621295117542
selected_policy,strict_revenue_100,net_pc_pearson,282,0.1587799403506
selected_policy,strict_revenue_100,gross_pp_spearman,335,0.821829444661577
selected_policy,strict_revenue_100,gross_pc_spearman,314,0.180148267873704
selected_policy,strict_revenue_100,net_pp_spearman,292,0.485042603253526
selected_policy,strict_revenue_100,net_pc_spearman,282,0.133381745118535
selected_policy,strict_revenue_100,gross_pp_partial,50,0.786047018410671
selected_policy,strict_revenue_100,gross_pc_partial,50,-0.0754123151713607
selected_policy,strict_revenue_100,net_pp_partial,48,0.149901194804161
selected_policy,strict_revenue_100,net_pc_partial,48,-0.0601426512045339
selected_policy,strict_revenue_100,gross_pp_participation_phi,196,0.963216592068071
selected_policy,strict_revenue_100,gross_pc_participation_phi,106,0.0674453673073583
selected_policy,strict_revenue_100,net_pp_participation_phi,155,0.822812008189455
selected_policy,strict_revenue_100,net_pc_participation_phi,96,-0.029114685104959
selected_policy,strict_revenue_100,gross_pp_positive_spearman,55,0.755714285714286
selected_policy,strict_revenue_100,gross_pc_positive_spearman,29,0.494581280788177
selected_policy,strict_revenue_100,net_pp_positive_spearman,43,0.2
selected_policy,strict_revenue_100,net_pc_positive_spearman,19,0.247368421052632
selected_reporters_only,full,gross_pp_pearson,37053,0.717597236546338
selected_reporters_only,full,gross_pc_pearson,35985,0.246134652235833
selected_reporters_only,full,net_pp_pearson,36821,0.162288154471854
selected_reporters_only,full,net_pc_pearson,35786,0.206953420765276
selected_reporters_only,full,gross_pp_spearman,37053,0.68957832245398
selected_reporters_only,full,gross_pc_spearman,35985,0.183480355788145
selected_reporters_only,full,net_pp_spearman,36821,0.127453812231804
selected_reporters_only,full,net_pc_spearman,35786,0.128253945750027
selected_reporters_only,full,gross_pp_partial,24367,0.642157013516027
selected_reporters_only,full,gross_pc_partial,24249,-0.156645935512157
selected_reporters_only,full,net_pp_partial,24456,-0.0991363782136113
selected_reporters_only,full,net_pc_partial,24365,-0.0277201925760522
selected_reporters_only,full,gross_pp_participation_phi,2080,0.588186399474324
selected_reporters_only,full,gross_pc_participation_phi,1997,-0.0813300060453703
selected_reporters_only,full,net_pp_participation_phi,8247,-0.0687944485877071
selected_reporters_only,full,net_pc_participation_phi,16626,-0.067463349821922
selected_reporters_only,full,gross_pp_positive_spearman,28736,0.727153152338474
selected_reporters_only,full,gross_pc_positive_spearman,24431,0.274043077576856
selected_reporters_only,full,net_pp_positive_spearman,26582,0.198927906625021
selected_reporters_only,full,net_pc_positive_spearman,22480,0.263676911084579
selected_reporters_only,n_ge_10,gross_pp_pearson,12033,0.781503880291579
selected_reporters_only,n_ge_10,gross_pc_pearson,12027,0.31255532131277
selected_reporters_only,n_ge_10,net_pp_pearson,12033,0.243046164547316
selected_reporters_only,n_ge_10,net_pc_pearson,12027,0.282456562932907
selected_reporters_only,n_ge_10,gross_pp_spearman,12033,0.759399332958948
selected_reporters_only,n_ge_10,gross_pc_spearman,12027,0.205350156828941
selected_reporters_only,n_ge_10,net_pp_spearman,12033,0.185111673737728
selected_reporters_only,n_ge_10,net_pc_spearman,12027,0.143621835000322
selected_reporters_only,n_ge_10,gross_pp_partial,12033,0.673421576177055
selected_reporters_only,n_ge_10,gross_pc_partial,12027,-0.0824425451543295
selected_reporters_only,n_ge_10,net_pp_partial,12033,-0.0384547857541399
selected_reporters_only,n_ge_10,net_pc_partial,12027,0.0150007843436667
selected_reporters_only,n_ge_10,gross_pp_participation_phi,1629,0.515202116289874
selected_reporters_only,n_ge_10,gross_pc_participation_phi,1648,-0.0384397269763397
selected_reporters_only,n_ge_10,net_pp_participation_phi,6451,-0.0483249481951875
selected_reporters_only,n_ge_10,net_pc_participation_phi,9986,-0.0473311702361454
selected_reporters_only,n_ge_10,gross_pp_positive_spearman,12033,0.772757224967374
selected_reporters_only,n_ge_10,gross_pc_positive_spearman,12001,0.29798387596571
selected_reporters_only,n_ge_10,net_pp_positive_spearman,12019,0.241628052735411
selected_reporters_only,n_ge_10,net_pc_positive_spearman,11916,0.274491298141646
selected_reporters_only,years_2020_21,gross_pp_pearson,9244,0.733221134399004
selected_reporters_only,years_2020_21,gross_pc_pearson,9014,0.275373839447082
selected_reporters_only,years_2020_21,net_pp_pearson,9199,0.214163971987775
selected_reporters_only,years_2020_21,net_pc_pearson,8973,0.163705565331834
selected_reporters_only,years_2020_21,gross_pp_spearman,9244,0.700082785270661
selected_reporters_only,years_2020_21,gross_pc_spearman,9014,0.194005770920278
selected_reporters_only,years_2020_21,net_pp_spearman,9199,0.169560332841267
selected_reporters_only,years_2020_21,net_pc_spearman,8973,0.062266103931889
selected_reporters_only,years_2020_21,gross_pp_partial,6584,0.62286093298415
selected_reporters_only,years_2020_21,gross_pc_partial,6559,-0.107932422569569
selected_reporters_only,years_2020_21,net_pp_partial,6600,-0.0620484219665106
selected_reporters_only,years_2020_21,net_pc_partial,6580,-0.0781025711183894
selected_reporters_only,years_2020_21,gross_pp_participation_phi,949,0.56054479015734
selected_reporters_only,years_2020_21,gross_pc_participation_phi,924,-0.0719595446939349
selected_reporters_only,years_2020_21,net_pp_participation_phi,2911,-0.0499084716704257
selected_reporters_only,years_2020_21,net_pc_participation_phi,4566,-0.108128276358888
selected_reporters_only,years_2020_21,gross_pp_positive_spearman,7409,0.739576729720904
selected_reporters_only,years_2020_21,gross_pc_positive_spearman,6403,0.285000905381161
selected_reporters_only,years_2020_21,net_pp_positive_spearman,6944,0.245855976006191
selected_reporters_only,years_2020_21,net_pc_positive_spearman,5940,0.211315177943298
selected_reporters_only,high_reporting_2020_21,gross_pp_pearson,9244,0.733221134399004
selected_reporters_only,high_reporting_2020_21,gross_pc_pearson,9014,0.275373839447082
selected_reporters_only,high_reporting_2020_21,net_pp_pearson,9199,0.214163971987775
selected_reporters_only,high_reporting_2020_21,net_pc_pearson,8973,0.163705565331834
selected_reporters_only,high_reporting_2020_21,gross_pp_spearman,9244,0.700082785270661
selected_reporters_only,high_reporting_2020_21,gross_pc_spearman,9014,0.194005770920278
selected_reporters_only,high_reporting_2020_21,net_pp_spearman,9199,0.169560332841267
selected_reporters_only,high_reporting_2020_21,net_pc_spearman,8973,0.062266103931889
selected_reporters_only,high_reporting_2020_21,gross_pp_partial,6584,0.62286093298415
selected_reporters_only,high_reporting_2020_21,gross_pc_partial,6559,-0.107932422569569
selected_reporters_only,high_reporting_2020_21,net_pp_partial,6600,-0.0620484219665106
selected_reporters_only,high_reporting_2020_21,net_pc_partial,6580,-0.0781025711183894
selected_reporters_only,high_reporting_2020_21,gross_pp_participation_phi,949,0.56054479015734
selected_reporters_only,high_reporting_2020_21,gross_pc_participation_phi,924,-0.0719595446939349
selected_reporters_only,high_reporting_2020_21,net_pp_participation_phi,2911,-0.0499084716704257
selected_reporters_only,high_reporting_2020_21,net_pc_participation_phi,4566,-0.108128276358888
selected_reporters_only,high_reporting_2020_21,gross_pp_positive_spearman,7409,0.739576729720904
selected_reporters_only,high_reporting_2020_21,gross_pc_positive_spearman,6403,0.285000905381161
selected_reporters_only,high_reporting_2020_21,net_pp_positive_spearman,6944,0.245855976006191
selected_reporters_only,high_reporting_2020_21,net_pc_positive_spearman,5940,0.211315177943298
selected_reporters_only,high_reporting_2020_21_n_ge_10,gross_pp_pearson,3587,0.793012407128309
selected_reporters_only,high_reporting_2020_21_n_ge_10,gross_pc_pearson,3588,0.335305009205789
selected_reporters_only,high_reporting_2020_21_n_ge_10,net_pp_pearson,3587,0.287088437177474
selected_reporters_only,high_reporting_2020_21_n_ge_10,net_pc_pearson,3588,0.239361621482673
selected_reporters_only,high_reporting_2020_21_n_ge_10,gross_pp_spearman,3587,0.76384568269861
selected_reporters_only,high_reporting_2020_21_n_ge_10,gross_pc_spearman,3588,0.204092642604527
selected_reporters_only,high_reporting_2020_21_n_ge_10,net_pp_spearman,3587,0.222718358011582
selected_reporters_only,high_reporting_2020_21_n_ge_10,net_pc_spearman,3588,0.0707746818332244
selected_reporters_only,high_reporting_2020_21_n_ge_10,gross_pp_partial,3587,0.667149000382283
selected_reporters_only,high_reporting_2020_21_n_ge_10,gross_pc_partial,3588,-0.030706595539257
selected_reporters_only,high_reporting_2020_21_n_ge_10,net_pp_partial,3587,-0.00115466053949906
selected_reporters_only,high_reporting_2020_21_n_ge_10,net_pc_partial,3588,-0.0294890543748447
selected_reporters_only,high_reporting_2020_21_n_ge_10,gross_pp_participation_phi,773,0.505390752139152
selected_reporters_only,high_reporting_2020_21_n_ge_10,gross_pc_participation_phi,779,-0.0426130761665173
selected_reporters_only,high_reporting_2020_21_n_ge_10,net_pp_participation_phi,2266,-0.0268347752136681
selected_reporters_only,high_reporting_2020_21_n_ge_10,net_pc_participation_phi,2963,-0.0792228848679413
selected_reporters_only,high_reporting_2020_21_n_ge_10,gross_pp_positive_spearman,3587,0.777118595548014
selected_reporters_only,high_reporting_2020_21_n_ge_10,gross_pc_positive_spearman,3574,0.302617739043261
selected_reporters_only,high_reporting_2020_21_n_ge_10,net_pp_positive_spearman,3583,0.286350786703379
selected_reporters_only,high_reporting_2020_21_n_ge_10,net_pc_positive_spearman,3556,0.212814627990042
selected_reporters_only,strict_revenue_95,gross_pp_pearson,36544,0.716923892156226
selected_reporters_only,strict_revenue_95,gross_pc_pearson,35486,0.246902145466974
selected_reporters_only,strict_revenue_95,net_pp_pearson,36312,0.162491799116317
selected_reporters_only,strict_revenue_95,net_pc_pearson,35287,0.208050434671244
selected_reporters_only,strict_revenue_95,gross_pp_spearman,36544,0.689092075729256
selected_reporters_only,strict_revenue_95,gross_pc_spearman,35486,0.184174560865214
selected_reporters_only,strict_revenue_95,net_pp_spearman,36312,0.127623087863763
selected_reporters_only,strict_revenue_95,net_pc_spearman,35287,0.129181069829412
selected_reporters_only,strict_revenue_95,gross_pp_partial,23955,0.642051640707479
selected_reporters_only,strict_revenue_95,gross_pc_partial,23838,-0.154540259829654
selected_reporters_only,strict_revenue_95,net_pp_partial,24044,-0.0980780402223309
selected_reporters_only,strict_revenue_95,net_pc_partial,23955,-0.0257293344368162
selected_reporters_only,strict_revenue_95,gross_pp_participation_phi,2043,0.587941058616043
selected_reporters_only,strict_revenue_95,gross_pc_participation_phi,1962,-0.0820257797102682
selected_reporters_only,strict_revenue_95,net_pp_participation_phi,8095,-0.0688498194578393
selected_reporters_only,strict_revenue_95,net_pc_participation_phi,16323,-0.0677818280943257
selected_reporters_only,strict_revenue_95,gross_pp_positive_spearman,28286,0.726883132461634
selected_reporters_only,strict_revenue_95,gross_pc_positive_spearman,24024,0.275763961732846
selected_reporters_only,strict_revenue_95,net_pp_positive_spearman,26155,0.199094367123567
selected_reporters_only,strict_revenue_95,net_pc_positive_spearman,22094,0.2656917113559
selected_reporters_only,strict_revenue_100,gross_pp_pearson,35041,0.713878792287786
selected_reporters_only,strict_revenue_100,gross_pc_pearson,33984,0.243479864906366
selected_reporters_only,strict_revenue_100,net_pp_pearson,34809,0.156796874835796
selected_reporters_only,strict_revenue_100,net_pc_pearson,33785,0.204611295320977
selected_reporters_only,strict_revenue_100,gross_pp_spearman,35041,0.685266264607065
selected_reporters_only,strict_revenue_100,gross_pc_spearman,33984,0.182941785833394
selected_reporters_only,strict_revenue_100,net_pp_spearman,34809,0.122635436508187
selected_reporters_only,strict_revenue_100,net_pc_spearman,33785,0.128903269482966
selected_reporters_only,strict_revenue_100,gross_pp_partial,22463,0.638204324143722
selected_reporters_only,strict_revenue_100,gross_pc_partial,22348,-0.167335699616889
selected_reporters_only,strict_revenue_100,net_pp_partial,22552,-0.109586140810276
selected_reporters_only,strict_revenue_100,net_pc_partial,22465,-0.0323046086626215
selected_reporters_only,strict_revenue_100,gross_pp_participation_phi,1557,0.65585833880518
selected_reporters_only,strict_revenue_100,gross_pc_participation_phi,1474,-0.102618681954151
selected_reporters_only,strict_revenue_100,net_pp_participation_phi,6916,-0.0728141556963277
selected_reporters_only,strict_revenue_100,net_pc_participation_phi,14939,-0.0693646198376021
selected_reporters_only,strict_revenue_100,gross_pp_positive_spearman,26790,0.723439902533738
selected_reporters_only,strict_revenue_100,gross_pc_positive_spearman,22544,0.273804895196676
selected_reporters_only,strict_revenue_100,net_pp_positive_spearman,24665,0.193349034444354
selected_reporters_only,strict_revenue_100,net_pc_positive_spearman,20622,0.265574180002341
