check,pass
"All market measures, scenarios and membership flags unchanged",TRUE
"75 unchanged paired rows, including bootstrap intervals",TRUE
original_rows full pearson N/means/gap; new reporting intervals,TRUE
original_rows full spearman N/means/gap; new reporting intervals,TRUE
original_rows full partial N/means/gap; new reporting intervals,TRUE
original_rows full participation_phi N/means/gap; new reporting intervals,TRUE
original_rows full positive_spearman N/means/gap; new reporting intervals,TRUE
original_rows n_ge_10 pearson N/means/gap; new reporting intervals,TRUE
original_rows n_ge_10 spearman N/means/gap; new reporting intervals,TRUE
original_rows n_ge_10 partial N/means/gap; new reporting intervals,TRUE
original_rows n_ge_10 participation_phi N/means/gap; new reporting intervals,TRUE
original_rows n_ge_10 positive_spearman N/means/gap; new reporting intervals,TRUE
original_rows years_2020_21 pearson N/means/gap; new reporting intervals,TRUE
original_rows years_2020_21 spearman N/means/gap; new reporting intervals,TRUE
original_rows years_2020_21 partial N/means/gap; new reporting intervals,TRUE
original_rows years_2020_21 participation_phi N/means/gap; new reporting intervals,TRUE
original_rows years_2020_21 positive_spearman N/means/gap; new reporting intervals,TRUE
original_rows high_reporting_2020_21 pearson N/means/gap; new reporting intervals,TRUE
original_rows high_reporting_2020_21 spearman N/means/gap; new reporting intervals,TRUE
original_rows high_reporting_2020_21 partial N/means/gap; new reporting intervals,TRUE
original_rows high_reporting_2020_21 participation_phi N/means/gap; new reporting intervals,TRUE
original_rows high_reporting_2020_21 positive_spearman N/means/gap; new reporting intervals,TRUE
original_rows high_reporting_2020_21_n_ge_10 pearson N/means/gap; new reporting intervals,TRUE
original_rows high_reporting_2020_21_n_ge_10 spearman N/means/gap; new reporting intervals,TRUE
original_rows high_reporting_2020_21_n_ge_10 partial N/means/gap; new reporting intervals,TRUE
original_rows high_reporting_2020_21_n_ge_10 participation_phi N/means/gap; new reporting intervals,TRUE
original_rows high_reporting_2020_21_n_ge_10 positive_spearman N/means/gap; new reporting intervals,TRUE
original_rows strict_revenue_95 pearson N/means/gap; new reporting intervals,TRUE
original_rows strict_revenue_95 spearman N/means/gap; new reporting intervals,TRUE
original_rows strict_revenue_95 partial N/means/gap; new reporting intervals,TRUE
original_rows strict_revenue_95 participation_phi N/means/gap; new reporting intervals,TRUE
original_rows strict_revenue_95 positive_spearman N/means/gap; new reporting intervals,TRUE
original_rows strict_revenue_100 pearson N/means/gap; new reporting intervals,TRUE
original_rows strict_revenue_100 spearman N/means/gap; new reporting intervals,TRUE
original_rows strict_revenue_100 partial N/means/gap; new reporting intervals,TRUE
original_rows strict_revenue_100 participation_phi N/means/gap; new reporting intervals,TRUE
original_rows strict_revenue_100 positive_spearman N/means/gap; new reporting intervals,TRUE
selected_policy full pearson N/means/gap; new reporting intervals,TRUE
selected_policy full spearman N/means/gap; new reporting intervals,TRUE
selected_policy full partial N/means/gap; new reporting intervals,TRUE
selected_policy full participation_phi N/means/gap; new reporting intervals,TRUE
selected_policy full positive_spearman N/means/gap; new reporting intervals,TRUE
selected_policy n_ge_10 pearson N/means/gap; new reporting intervals,TRUE
selected_policy n_ge_10 spearman N/means/gap; new reporting intervals,TRUE
selected_policy n_ge_10 partial N/means/gap; new reporting intervals,TRUE
selected_policy n_ge_10 participation_phi N/means/gap; new reporting intervals,TRUE
selected_policy n_ge_10 positive_spearman N/means/gap; new reporting intervals,TRUE
selected_policy years_2020_21 pearson N/means/gap; new reporting intervals,TRUE
selected_policy years_2020_21 spearman N/means/gap; new reporting intervals,TRUE
selected_policy years_2020_21 partial N/means/gap; new reporting intervals,TRUE
selected_policy years_2020_21 participation_phi N/means/gap; new reporting intervals,TRUE
selected_policy years_2020_21 positive_spearman N/means/gap; new reporting intervals,TRUE
selected_policy high_reporting_2020_21 pearson N/means/gap; new reporting intervals,TRUE
selected_policy high_reporting_2020_21 spearman N/means/gap; new reporting intervals,TRUE
selected_policy high_reporting_2020_21 partial N/means/gap; new reporting intervals,TRUE
selected_policy high_reporting_2020_21 participation_phi N/means/gap; new reporting intervals,TRUE
selected_policy high_reporting_2020_21 positive_spearman N/means/gap; new reporting intervals,TRUE
selected_policy high_reporting_2020_21_n_ge_10 pearson N/means/gap; new reporting intervals,TRUE
selected_policy high_reporting_2020_21_n_ge_10 spearman N/means/gap; new reporting intervals,TRUE
selected_policy high_reporting_2020_21_n_ge_10 partial N/means/gap; new reporting intervals,TRUE
selected_policy high_reporting_2020_21_n_ge_10 participation_phi N/means/gap; new reporting intervals,TRUE
selected_policy high_reporting_2020_21_n_ge_10 positive_spearman N/means/gap; new reporting intervals,TRUE
selected_policy strict_revenue_95 pearson N/means/gap; new reporting intervals,TRUE
selected_policy strict_revenue_95 spearman N/means/gap; new reporting intervals,TRUE
selected_policy strict_revenue_95 partial N/means/gap; new reporting intervals,TRUE
selected_policy strict_revenue_95 participation_phi N/means/gap; new reporting intervals,TRUE
selected_policy strict_revenue_95 positive_spearman N/means/gap; new reporting intervals,TRUE
selected_policy strict_revenue_100 pearson N/means/gap; new reporting intervals,TRUE
selected_policy strict_revenue_100 spearman N/means/gap; new reporting intervals,TRUE
selected_policy strict_revenue_100 partial N/means/gap; new reporting intervals,TRUE
selected_policy strict_revenue_100 participation_phi N/means/gap; new reporting intervals,TRUE
selected_policy strict_revenue_100 positive_spearman N/means/gap; new reporting intervals,TRUE
selected_reporters_only full pearson N/means/gap; new reporting intervals,TRUE
selected_reporters_only full spearman N/means/gap; new reporting intervals,TRUE
selected_reporters_only full partial N/means/gap; new reporting intervals,TRUE
selected_reporters_only full participation_phi N/means/gap; new reporting intervals,TRUE
selected_reporters_only full positive_spearman N/means/gap; new reporting intervals,TRUE
selected_reporters_only n_ge_10 pearson N/means/gap; new reporting intervals,TRUE
selected_reporters_only n_ge_10 spearman N/means/gap; new reporting intervals,TRUE
selected_reporters_only n_ge_10 partial N/means/gap; new reporting intervals,TRUE
selected_reporters_only n_ge_10 participation_phi N/means/gap; new reporting intervals,TRUE
selected_reporters_only n_ge_10 positive_spearman N/means/gap; new reporting intervals,TRUE
selected_reporters_only years_2020_21 pearson N/means/gap; new reporting intervals,TRUE
selected_reporters_only years_2020_21 spearman N/means/gap; new reporting intervals,TRUE
selected_reporters_only years_2020_21 partial N/means/gap; new reporting intervals,TRUE
selected_reporters_only years_2020_21 participation_phi N/means/gap; new reporting intervals,TRUE
selected_reporters_only years_2020_21 positive_spearman N/means/gap; new reporting intervals,TRUE
selected_reporters_only high_reporting_2020_21 pearson N/means/gap; new reporting intervals,TRUE
selected_reporters_only high_reporting_2020_21 spearman N/means/gap; new reporting intervals,TRUE
selected_reporters_only high_reporting_2020_21 partial N/means/gap; new reporting intervals,TRUE
selected_reporters_only high_reporting_2020_21 participation_phi N/means/gap; new reporting intervals,TRUE
selected_reporters_only high_reporting_2020_21 positive_spearman N/means/gap; new reporting intervals,TRUE
selected_reporters_only high_reporting_2020_21_n_ge_10 pearson N/means/gap; new reporting intervals,TRUE
selected_reporters_only high_reporting_2020_21_n_ge_10 spearman N/means/gap; new reporting intervals,TRUE
selected_reporters_only high_reporting_2020_21_n_ge_10 partial N/means/gap; new reporting intervals,TRUE
selected_reporters_only high_reporting_2020_21_n_ge_10 participation_phi N/means/gap; new reporting intervals,TRUE
selected_reporters_only high_reporting_2020_21_n_ge_10 positive_spearman N/means/gap; new reporting intervals,TRUE
selected_reporters_only strict_revenue_95 pearson N/means/gap; new reporting intervals,TRUE
selected_reporters_only strict_revenue_95 spearman N/means/gap; new reporting intervals,TRUE
selected_reporters_only strict_revenue_95 partial N/means/gap; new reporting intervals,TRUE
selected_reporters_only strict_revenue_95 participation_phi N/means/gap; new reporting intervals,TRUE
selected_reporters_only strict_revenue_95 positive_spearman N/means/gap; new reporting intervals,TRUE
selected_reporters_only strict_revenue_100 pearson N/means/gap; new reporting intervals,TRUE
selected_reporters_only strict_revenue_100 spearman N/means/gap; new reporting intervals,TRUE
selected_reporters_only strict_revenue_100 partial N/means/gap; new reporting intervals,TRUE
selected_reporters_only strict_revenue_100 participation_phi N/means/gap; new reporting intervals,TRUE
selected_reporters_only strict_revenue_100 positive_spearman N/means/gap; new reporting intervals,TRUE
Reporting distribution private N/boundary/BC/dip,TRUE
Reporting distribution public N/boundary/BC/dip,TRUE
Reporting distribution client N/boundary/BC/dip,TRUE
