scenario,sample,side,center,n_active
original_rows,full,private,0.416127831390723,67325
original_rows,full,public,0.615500748981929,42460
original_rows,full,client,0.537329550526601,61607
original_rows,common_policy,private,0.416196162266175,67307
original_rows,common_policy,public,0.615596665934008,42442
original_rows,common_policy,client,0.537442887287662,61589
original_rows,common_coupling,private,0.301613760459796,41985
original_rows,common_coupling,public,0.611279074030099,41985
original_rows,common_coupling,client,0.433110810136761,41626
original_rows,outcome_2020_21,private,0.419934709282873,15176
original_rows,outcome_2020_21,public,0.584147861243132,10701
original_rows,outcome_2020_21,client,0.546079232229651,13879
original_rows,predictor_2020_21,private,0.423269127244064,7578
original_rows,predictor_2020_21,public,0.563966402868569,5690
original_rows,predictor_2020_21,client,0.552263538955858,6910
original_rows,predictor_reporting20,private,0.359085021577562,4263
original_rows,predictor_reporting20,public,0.524739725056131,4175
original_rows,predictor_reporting20,client,0.499441406307035,4154
original_rows,predictor_reporting30,private,0.389516767793087,2598
original_rows,predictor_reporting30,public,0.52326991049531,2561
original_rows,predictor_reporting30,client,0.528288222758746,2508
original_rows,predictor_reporting40,private,0.457208026371212,1412
original_rows,predictor_reporting40,public,0.572545501223694,1396
original_rows,predictor_reporting40,client,0.594963979386381,1352
original_rows,strict_revenue95,private,0.655062697516196,3141
original_rows,strict_revenue95,public,0.772561310166304,3164
original_rows,strict_revenue95,client,0.692425399149565,3031
original_rows,strict_revenue100,private,0.92711518379945,642
original_rows,strict_revenue100,public,0.922653442967817,698
original_rows,strict_revenue100,client,0.91734182570501,578
original_rows,no_floor_in_predictor,private,0.420600306274956,66201
original_rows,no_floor_in_predictor,public,0.625212372569128,41336
original_rows,no_floor_in_predictor,client,0.54347795930404,60485
selected_policy,full,private,0.4192560573157,67307
selected_policy,full,public,0.621190730417709,42434
selected_policy,full,client,0.541405857870139,61589
selected_policy,common_policy,private,0.4192560573157,67307
selected_policy,common_policy,public,0.621190730417709,42434
selected_policy,common_policy,client,0.541405857870139,61589
selected_policy,common_coupling,private,0.304887388203033,41960
selected_policy,common_coupling,public,0.616956567586417,41960
selected_policy,common_coupling,client,0.43748622350077,41601
selected_policy,outcome_2020_21,private,0.423390150663715,15168
selected_policy,outcome_2020_21,public,0.589678114545481,10693
selected_policy,outcome_2020_21,client,0.550325075471053,13871
selected_policy,predictor_2020_21,private,0.427608904806174,7573
selected_policy,predictor_2020_21,public,0.570166070109361,5685
selected_policy,predictor_2020_21,client,0.557594801972795,6905
selected_policy,predictor_reporting20,private,0.364252880958395,4246
selected_policy,predictor_reporting20,public,0.532111567554185,4158
selected_policy,predictor_reporting20,client,0.506601439460958,4137
selected_policy,predictor_reporting30,private,0.396127428268943,2571
selected_policy,predictor_reporting30,public,0.532282978605238,2534
selected_policy,predictor_reporting30,client,0.537460587345789,2480
selected_policy,predictor_reporting40,private,0.464446165835788,1402
selected_policy,predictor_reporting40,public,0.582600256984543,1386
selected_policy,predictor_reporting40,client,0.605974470295232,1342
selected_policy,strict_revenue95,private,0.66187295692106,3132
selected_policy,strict_revenue95,public,0.780942404689825,3155
selected_policy,strict_revenue95,client,0.699588342230465,3022
selected_policy,strict_revenue100,private,0.934519936230743,642
selected_policy,strict_revenue100,public,0.930146642264647,698
selected_policy,strict_revenue100,client,0.921797258271104,578
selected_policy,no_floor_in_predictor,private,0.423603737450692,66210
selected_policy,no_floor_in_predictor,public,0.630422626650213,41337
selected_policy,no_floor_in_predictor,client,0.547320926243106,60494
