model,term,eligible_p25,eligible_p75,effect_pp,eligible_mean_growth_pp
R1_reference__M1 HHI-only (common),lag_hhi_private,0.138214848729368,0.431245540598467,0.423941039501549,0.304345193503536
R1_reference__M1 HHI-only (common),lag_hhi_public,0.334989045039062,1,-0.636729577828748,0.304345193503536
R1_reference__M1 HHI-only (common),lag_hhi_client,0.190386351974389,0.632183744564282,-0.0789409808776808,0.304345193503536
R1_reference__M2 concordance-only (common),lag_private_public_coupling,0.235362591543258,0.950071027354758,-0.094173590711642,0.304345193503536
R1_reference__M3 joint (common),lag_hhi_private,0.138214848729368,0.431245540598467,0.446180669478763,0.304345193503536
R1_reference__M3 joint (common),lag_hhi_public,0.334989045039062,1,-0.644020677507921,0.304345193503536
R1_reference__M3 joint (common),lag_hhi_client,0.190386351974389,0.632183744564282,-0.0791744992275469,0.304345193503536
R1_reference__M3 joint (common),lag_private_public_coupling,0.235362591543258,0.950071027354758,-0.157941793439053,0.304345193503536
R1_reference__M4 HHI-only (full sample),lag_hhi_private,0.181729835062663,0.600103500091269,1.88134818435785,1.39015768212892
R1_reference__M4 HHI-only (full sample),lag_hhi_public,0,0.746816252990088,-0.555539716396298,1.39015768212892
R1_reference__M4 HHI-only (full sample),lag_hhi_client,0.192294867149083,0.816541464012671,-1.50974192272387,1.39015768212892
R1_reference__M5 HQ 2020-21 joint,lag_hhi_private,0.145433687999224,0.471030203218927,0.450824523645769,-0.468288361778196
R1_reference__M5 HQ 2020-21 joint,lag_hhi_public,0.26352191162577,0.825784805615219,-0.497121828043171,-0.468288361778196
R1_reference__M5 HQ 2020-21 joint,lag_hhi_client,0.206532619623303,0.682708598516849,-0.502433825213783,-0.468288361778196
R1_reference__M5 HQ 2020-21 joint,lag_private_public_coupling,0.496843252447826,0.981967920290101,-0.53238249770176,-0.468288361778196
original_rows__full__gross_zero__HHI_only,lag_hhi_private,0.181729835062663,0.600103500091269,1.88134818435785,1.39015768212892
original_rows__full__gross_zero__HHI_only,lag_hhi_public,0,0.746816252990088,-0.555539716396298,1.39015768212892
original_rows__full__gross_zero__HHI_only,lag_hhi_client,0.192294867149083,0.816541464012671,-1.50974192272387,1.39015768212892
original_rows__full__net_zero__HHI_only,lag_hhi_private,0.17298807378011,0.588544202344427,1.74635482242794,1.39015768212892
original_rows__full__net_zero__HHI_only,lag_hhi_public,0,0.746816252990088,-0.365518259960932,1.39015768212892
original_rows__full__net_zero__HHI_only,lag_hhi_client,0.192294867149083,0.816541464012671,-1.52949934134328,1.39015768212892
original_rows__full__net_active_joint__HHI_only,lag_hhi_private,0.131954044895052,0.409181927279611,0.509616199650458,0.36523015968232
original_rows__full__net_active_joint__HHI_only,lag_hhi_public,0.334669373612692,0.999967620593052,-0.563871114861389,0.36523015968232
original_rows__full__net_active_joint__HHI_only,lag_hhi_client,0.195110017966163,0.644479728381744,0.151093446715764,0.36523015968232
original_rows__full__net_activity_indicators__HHI_only,lag_hhi_private,-0.23807238743244,0.172416370953704,2.30068754000488,1.39015768212892
original_rows__full__net_activity_indicators__HHI_only,lag_hhi_public,-0.11788569895262,0.131315504008159,-0.806628049876179,1.39015768212892
original_rows__full__net_activity_indicators__HHI_only,lag_hhi_client,-0.258812220092146,0.27921191348607,-0.697018065811942,1.39015768212892
original_rows__full__net_activity_indicators__CBSA_sector_FE,lag_hhi_private,-0.23807238743244,0.172416370953704,1.07628721149449,1.39015768212892
original_rows__full__net_activity_indicators__CBSA_sector_FE,lag_hhi_public,-0.11788569895262,0.131315504008159,-0.263503630759953,1.39015768212892
original_rows__full__net_activity_indicators__CBSA_sector_FE,lag_hhi_client,-0.258812220092146,0.27921191348607,-0.54957455183606,1.39015768212892
original_rows__common_policy__gross_zero__HHI_only,lag_hhi_private,0.181816144462916,0.600186928131283,1.88196261173302,1.39016529640231
original_rows__common_policy__gross_zero__HHI_only,lag_hhi_public,0,0.746840222648232,-0.556191746739416,1.39016529640231
original_rows__common_policy__gross_zero__HHI_only,lag_hhi_client,0.192401055341263,0.816642374856462,-1.50904362087188,1.39016529640231
original_rows__common_policy__net_zero__HHI_only,lag_hhi_private,0.173051650254644,0.588598757039249,1.74676377281507,1.39016529640231
original_rows__common_policy__net_zero__HHI_only,lag_hhi_public,0,0.746840222648232,-0.366065499380527,1.39016529640231
original_rows__common_policy__net_zero__HHI_only,lag_hhi_client,0.192401055341263,0.816642374856462,-1.52884823058404,1.39016529640231
original_rows__common_policy__net_active_joint__HHI_only,lag_hhi_private,0.132005029379323,0.409224392354803,0.510549049373031,0.364802245929144
original_rows__common_policy__net_active_joint__HHI_only,lag_hhi_public,0.334842098321766,1,-0.565677113869062,0.364802245929144
original_rows__common_policy__net_active_joint__HHI_only,lag_hhi_client,0.195265318289732,0.644609910617466,0.151706588220505,0.364802245929144
original_rows__common_policy__net_activity_indicators__HHI_only,lag_hhi_private,-0.238050917436066,0.172402594773073,2.30102904937707,1.39016529640231
original_rows__common_policy__net_activity_indicators__HHI_only,lag_hhi_public,-0.117733630863443,0.131243556714224,-0.806315565676239,1.39016529640231
original_rows__common_policy__net_activity_indicators__HHI_only,lag_hhi_client,-0.25879108867038,0.2791994875688,-0.696583327333388,1.39016529640231
original_rows__common_coupling__gross_zero__HHI_only,lag_hhi_private,0.138160046070044,0.43040982338909,0.425008358122899,0.30390231420995
original_rows__common_coupling__gross_zero__HHI_only,lag_hhi_public,0.334956360948327,0.999987195183813,-0.648460112857106,0.30390231420995
original_rows__common_coupling__gross_zero__HHI_only,lag_hhi_client,0.190384294977277,0.631565800516445,-0.0892026008258512,0.30390231420995
original_rows__common_coupling__gross_zero__joint,lag_hhi_private,0.138160046070044,0.43040982338909,0.447662141789951,0.30390231420995
original_rows__common_coupling__gross_zero__joint,lag_hhi_public,0.334956360948327,0.999987195183813,-0.655598440393383,0.30390231420995
original_rows__common_coupling__gross_zero__joint,lag_hhi_client,0.190384294977277,0.631565800516445,-0.0894529623615248,0.30390231420995
original_rows__common_coupling__gross_zero__joint,lag_private_public_coupling,0.23508920678242,0.949718056447933,-0.162446135549369,0.30390231420995
original_rows__common_coupling__net_zero__HHI_only,lag_hhi_private,0.132065596645267,0.408659485344968,0.348968108427743,0.30390231420995
original_rows__common_coupling__net_zero__HHI_only,lag_hhi_public,0.334956360948327,0.999987195183813,-0.468290949760904,0.30390231420995
original_rows__common_coupling__net_zero__HHI_only,lag_hhi_client,0.190384294977277,0.631565800516445,-0.0878310653005169,0.30390231420995
original_rows__common_coupling__net_zero__joint,lag_hhi_private,0.132065596645267,0.408659485344968,0.361575170288507,0.30390231420995
original_rows__common_coupling__net_zero__joint,lag_hhi_public,0.334956360948327,0.999987195183813,-0.463358232430047,0.30390231420995
original_rows__common_coupling__net_zero__joint,lag_hhi_client,0.190384294977277,0.631565800516445,-0.0686786136967322,0.30390231420995
original_rows__common_coupling__net_zero__joint,lag_private_public_coupling,-0.064958145940567,0.400545802621387,-0.18465840285373,0.30390231420995
original_rows__common_coupling__net_active_joint__HHI_only,lag_hhi_private,0.131309034512849,0.403698498456523,0.321647731836643,0.286147570129299
original_rows__common_coupling__net_active_joint__HHI_only,lag_hhi_public,0.333249839398856,0.995393666030082,-0.470490131739034,0.286147570129299
original_rows__common_coupling__net_active_joint__HHI_only,lag_hhi_client,0.193933690455896,0.635667683118365,0.0532522308699784,0.286147570129299
original_rows__common_coupling__net_active_joint__joint,lag_hhi_private,0.131309034512849,0.403698498456523,0.333492843650168,0.286147570129299
original_rows__common_coupling__net_active_joint__joint,lag_hhi_public,0.333249839398856,0.995393666030082,-0.465060079704986,0.286147570129299
original_rows__common_coupling__net_active_joint__joint,lag_hhi_client,0.193933690455896,0.635667683118365,0.0712560517126344,0.286147570129299
original_rows__common_coupling__net_active_joint__joint,lag_private_public_coupling,-0.0640119590721186,0.396383199703262,-0.17177705462709,0.286147570129299
original_rows__common_coupling__net_activity_indicators__HHI_only,lag_hhi_private,-0.169548163814529,0.107045724885172,0.329695996912115,0.30390231420995
original_rows__common_coupling__net_activity_indicators__HHI_only,lag_hhi_public,-0.276322713081772,0.388708121153715,-0.462939198292405,0.30390231420995
original_rows__common_coupling__net_activity_indicators__HHI_only,lag_hhi_client,-0.237800479391076,0.198454990379684,0.0155938145511222,0.30390231420995
original_rows__common_coupling__net_activity_indicators__joint,lag_hhi_private,-0.169548163814529,0.107045724885172,0.342280318770493,0.30390231420995
original_rows__common_coupling__net_activity_indicators__joint,lag_hhi_public,-0.276322713081772,0.388708121153715,-0.457976232594649,0.30390231420995
original_rows__common_coupling__net_activity_indicators__joint,lag_hhi_client,-0.237800479391076,0.198454990379684,0.0348972226715802,0.30390231420995
original_rows__common_coupling__net_activity_indicators__joint,lag_private_public_coupling,-0.064958145940567,0.400545802621387,-0.185182441023818,0.30390231420995
original_rows__outcome_2020_21__net_active_joint__HHI_only,lag_hhi_private,0.139264838029226,0.437618146053589,0.0653881864337168,-0.386405945024532
original_rows__outcome_2020_21__net_active_joint__HHI_only,lag_hhi_public,0.297735320107728,0.945343883060699,-0.29675548141291,-0.386405945024532
original_rows__outcome_2020_21__net_active_joint__HHI_only,lag_hhi_client,0.216203606375355,0.702064848908393,0.193074698292015,-0.386405945024532
original_rows__outcome_2020_21__net_activity_indicators__HHI_only,lag_hhi_private,-0.238839475279965,0.17266819441902,1.48159322311409,0.441375883955211
original_rows__outcome_2020_21__net_activity_indicators__HHI_only,lag_hhi_public,-0.177104321689493,0.171080227627098,-0.921282494328011,0.441375883955211
original_rows__outcome_2020_21__net_activity_indicators__HHI_only,lag_hhi_client,-0.255691001469898,0.282887747202316,-0.6030794933369,0.441375883955211
original_rows__predictor_2020_21__net_active_joint__HHI_only,lag_hhi_private,0.145131519574646,0.453453154289807,-0.126555605798122,0.227538214143492
original_rows__predictor_2020_21__net_active_joint__HHI_only,lag_hhi_public,0.278814946937951,0.902417083651243,0.0904291262898169,0.227538214143492
original_rows__predictor_2020_21__net_active_joint__HHI_only,lag_hhi_client,0.22925350136856,0.737969012077863,0.111221122289978,0.227538214143492
original_rows__predictor_2020_21__net_activity_indicators__HHI_only,lag_hhi_private,-0.238937148659762,0.17548893664778,0.899496097954853,1.19438078121709
original_rows__predictor_2020_21__net_activity_indicators__HHI_only,lag_hhi_public,-0.203907575583598,0.183015619753644,-0.431503056553681,1.19438078121709
original_rows__predictor_2020_21__net_activity_indicators__HHI_only,lag_hhi_client,-0.25480866734394,0.28780547401099,-0.93761107998143,1.19438078121709
original_rows__predictor_reporting20__net_active_joint__HHI_only,lag_hhi_private,0.146378820548413,0.480192625751018,-0.601748265891571,0.609780977565719
original_rows__predictor_reporting20__net_active_joint__HHI_only,lag_hhi_public,0.248830844244346,0.787486708713888,0.339515393428057,0.609780977565719
original_rows__predictor_reporting20__net_active_joint__HHI_only,lag_hhi_client,0.227613079789999,0.74761684690543,0.411989586474295,0.609780977565719
original_rows__predictor_reporting20__net_activity_indicators__HHI_only,lag_hhi_private,-0.20523997739752,0.141371532998126,-0.777324095268359,0.855874906237601
original_rows__predictor_reporting20__net_activity_indicators__HHI_only,lag_hhi_public,-0.264783960919059,0.281650994656305,0.280412952210929,0.855874906237601
original_rows__predictor_reporting20__net_activity_indicators__HHI_only,lag_hhi_client,-0.262669415316223,0.252798717269035,0.508705861039807,0.855874906237601
original_rows__predictor_reporting30__net_active_joint__HHI_only,lag_hhi_private,0.163233685532809,0.511367543685252,-0.0938150853144613,0.866255364645735
original_rows__predictor_reporting30__net_active_joint__HHI_only,lag_hhi_public,0.249557901521988,0.750680351295179,0.83794625032377,0.866255364645735
original_rows__predictor_reporting30__net_active_joint__HHI_only,lag_hhi_client,0.251951103044018,0.799441086104888,-0.377825955991134,0.866255364645735
original_rows__predictor_reporting30__net_activity_indicators__HHI_only,lag_hhi_private,-0.217809702617213,0.148927805722956,-0.21358228273489,1.2353680291544
original_rows__predictor_reporting30__net_activity_indicators__HHI_only,lag_hhi_public,-0.259118593634593,0.27270960609869,0.376118873121015,1.2353680291544
original_rows__predictor_reporting30__net_activity_indicators__HHI_only,lag_hhi_client,-0.265745518908925,0.271656342395913,-0.4566229523113,1.2353680291544
original_rows__predictor_reporting40__net_active_joint__HHI_only,lag_hhi_private,0.204423967260809,0.604975909970931,0.844184040229369,1.72246313755303
original_rows__predictor_reporting40__net_active_joint__HHI_only,lag_hhi_public,0.299821200668833,0.825583112937495,-0.330688224609627,1.72246313755303
original_rows__predictor_reporting40__net_active_joint__HHI_only,lag_hhi_client,0.329965397813623,0.883701856211083,-1.26446828354638,1.72246313755303
original_rows__predictor_reporting40__net_activity_indicators__HHI_only,lag_hhi_private,-0.239705983575254,0.195870765121727,0.316621811332296,2.24639245790982
original_rows__predictor_reporting40__net_activity_indicators__HHI_only,lag_hhi_public,-0.257981943879463,0.318943456987628,-0.638975625777443,2.24639245790982
original_rows__predictor_reporting40__net_activity_indicators__HHI_only,lag_hhi_client,-0.243889290412636,0.289145899095778,-1.04026222990399,2.24639245790982
original_rows__strict_revenue95__net_active_joint__HHI_only,lag_hhi_private,0.3635957052256,0.936680193768552,0.0229317274204594,2.17621423064123
original_rows__strict_revenue95__net_active_joint__HHI_only,lag_hhi_public,0.523306841722749,1,-0.969756831820727,2.17621423064123
original_rows__strict_revenue95__net_active_joint__HHI_only,lag_hhi_client,0.448714679642848,0.986201916373984,0.372366305851959,2.17621423064123
original_rows__strict_revenue95__net_activity_indicators__HHI_only,lag_hhi_private,-0.266477340241456,0.297130632179891,-0.0178842364254499,2.86154200425687
original_rows__strict_revenue95__net_activity_indicators__HHI_only,lag_hhi_public,-0.235334802333152,0.227438689833696,0.000903004667448447,2.86154200425687
original_rows__strict_revenue95__net_activity_indicators__HHI_only,lag_hhi_client,-0.218158462464982,0.292511412652122,0.0624080682787797,2.86154200425687
original_rows__strict_revenue100__net_active_joint__HHI_only,lag_hhi_private,1,1,0,10.1430472388556
original_rows__strict_revenue100__net_active_joint__HHI_only,lag_hhi_public,0.990758971419151,1,0.193214581019702,10.1430472388556
original_rows__strict_revenue100__net_active_joint__HHI_only,lag_hhi_client,0.882723345974655,1,-4.21295669104611,10.1430472388556
original_rows__strict_revenue100__net_activity_indicators__HHI_only,lag_hhi_private,0,0.0728848162005497,-1.05744860035934,11.0370879120879
original_rows__strict_revenue100__net_activity_indicators__HHI_only,lag_hhi_public,0.0771945322739105,0.0773465570321832,0.00508035119042894,11.0370879120879
original_rows__strict_revenue100__net_activity_indicators__HHI_only,lag_hhi_client,0,0.0826581742949898,-2.71227484626596,11.0370879120879
original_rows__no_floor_in_predictor__net_active_joint__HHI_only,lag_hhi_private,0.135754102770009,0.414011760890743,0.515817270285791,0.384817508192556
original_rows__no_floor_in_predictor__net_active_joint__HHI_only,lag_hhi_public,0.34544293393018,1,-0.609261915029519,0.384817508192556
original_rows__no_floor_in_predictor__net_active_joint__HHI_only,lag_hhi_client,0.201258217573086,0.65254047507734,0.118578546942291,0.384817508192556
original_rows__no_floor_in_predictor__net_activity_indicators__HHI_only,lag_hhi_private,-0.238192045721431,0.173243499022788,2.3056457424446,1.41861026369474
original_rows__no_floor_in_predictor__net_activity_indicators__HHI_only,lag_hhi_public,-0.121703652315277,0.131628504207468,-0.844664957827431,1.41861026369474
original_rows__no_floor_in_predictor__net_activity_indicators__HHI_only,lag_hhi_client,-0.257176931016881,0.280291588580206,-0.740381839181218,1.41861026369474
original_rows__side_specific__private,lag_hhi_private,0.176851167750377,0.592356090862407,2.67593085063722,1.31001727754781
original_rows__side_specific__public,lag_hhi_public,0.337102415895303,1,-0.51789526507459,0.43776900601597
original_rows__side_specific__client,lag_hhi_client,0.255980707477123,0.862364089435606,0.194542327606035,0.815252789184332
selected_policy__full__gross_zero__HHI_only,lag_hhi_private,0.18413833249809,0.606854270100661,1.54822971604376,1.21652922624621
selected_policy__full__gross_zero__HHI_only,lag_hhi_public,0,0.758902509991078,-0.730544384933379,1.21652922624621
selected_policy__full__gross_zero__HHI_only,lag_hhi_client,0.195084743922279,0.82270689262773,-1.75569272314138,1.21652922624621
selected_policy__full__net_zero__HHI_only,lag_hhi_private,0.175482320963907,0.593913817898365,1.44903723258267,1.21652922624621
selected_policy__full__net_zero__HHI_only,lag_hhi_public,0,0.758902509991078,-0.57134965646353,1.21652922624621
selected_policy__full__net_zero__HHI_only,lag_hhi_client,0.195084743922279,0.82270689262773,-1.77085435020537,1.21652922624621
selected_policy__full__net_active_joint__HHI_only,lag_hhi_private,0.133743004675301,0.414829972801899,0.299784946307379,0.235741128006878
selected_policy__full__net_active_joint__HHI_only,lag_hhi_public,0.340692513292835,1,-1.0188578782599,0.235741128006878
selected_policy__full__net_active_joint__HHI_only,lag_hhi_client,0.197883248821169,0.652221669333578,-0.152169520934323,0.235741128006878
selected_policy__full__net_activity_indicators__HHI_only,lag_hhi_private,-0.238799789627488,0.174657760582664,1.94290846074,1.21652922624621
selected_policy__full__net_activity_indicators__HHI_only,lag_hhi_public,-0.119967046141466,0.137711779573369,-1.01653930390411,1.21652922624621
selected_policy__full__net_activity_indicators__HHI_only,lag_hhi_client,-0.258734637984254,0.281301034757591,-1.10255105339032,1.21652922624621
selected_policy__full__net_activity_indicators__CBSA_sector_FE,lag_hhi_private,-0.238799789627488,0.174657760582664,0.693872798375167,1.21652922624621
selected_policy__full__net_activity_indicators__CBSA_sector_FE,lag_hhi_public,-0.119967046141466,0.137711779573369,-0.478845616068764,1.21652922624621
selected_policy__full__net_activity_indicators__CBSA_sector_FE,lag_hhi_client,-0.258734637984254,0.281301034757591,-1.47612811140015,1.21652922624621
selected_policy__common_policy__gross_zero__HHI_only,lag_hhi_private,0.18413833249809,0.606854270100661,1.54822971604376,1.21652922624621
selected_policy__common_policy__gross_zero__HHI_only,lag_hhi_public,0,0.758902509991078,-0.730544384933379,1.21652922624621
selected_policy__common_policy__gross_zero__HHI_only,lag_hhi_client,0.195084743922279,0.82270689262773,-1.75569272314138,1.21652922624621
selected_policy__common_policy__net_zero__HHI_only,lag_hhi_private,0.175482320963907,0.593913817898365,1.44903723258267,1.21652922624621
selected_policy__common_policy__net_zero__HHI_only,lag_hhi_public,0,0.758902509991078,-0.57134965646353,1.21652922624621
selected_policy__common_policy__net_zero__HHI_only,lag_hhi_client,0.195084743922279,0.82270689262773,-1.77085435020537,1.21652922624621
selected_policy__common_policy__net_active_joint__HHI_only,lag_hhi_private,0.133743004675301,0.414829972801899,0.299784946307379,0.235741128006878
selected_policy__common_policy__net_active_joint__HHI_only,lag_hhi_public,0.340692513292835,1,-1.0188578782599,0.235741128006878
selected_policy__common_policy__net_active_joint__HHI_only,lag_hhi_client,0.197883248821169,0.652221669333578,-0.152169520934323,0.235741128006878
selected_policy__common_policy__net_activity_indicators__HHI_only,lag_hhi_private,-0.238799789627488,0.174657760582664,1.94290846074,1.21652922624621
selected_policy__common_policy__net_activity_indicators__HHI_only,lag_hhi_public,-0.119967046141466,0.137711779573369,-1.01653930390411,1.21652922624621
selected_policy__common_policy__net_activity_indicators__HHI_only,lag_hhi_client,-0.258734637984254,0.281301034757591,-1.10255105339032,1.21652922624621
selected_policy__common_coupling__gross_zero__HHI_only,lag_hhi_private,0.140234194112539,0.436679336381285,0.253387961177848,0.178289668513443
selected_policy__common_coupling__gross_zero__HHI_only,lag_hhi_public,0.341126118304209,1,-1.03626705777953,0.178289668513443
selected_policy__common_coupling__gross_zero__HHI_only,lag_hhi_client,0.193019804552418,0.640620925358839,-0.347931148323754,0.178289668513443
selected_policy__common_coupling__gross_zero__joint,lag_hhi_private,0.140234194112539,0.436679336381285,0.274528633192705,0.178289668513443
selected_policy__common_coupling__gross_zero__joint,lag_hhi_public,0.341126118304209,1,-1.04123567492748,0.178289668513443
selected_policy__common_coupling__gross_zero__joint,lag_hhi_client,0.193019804552418,0.640620925358839,-0.347938060349733,0.178289668513443
selected_policy__common_coupling__gross_zero__joint,lag_private_public_coupling,0.234638941945432,0.949722739660503,-0.151954366807649,0.178289668513443
selected_policy__common_coupling__net_zero__HHI_only,lag_hhi_private,0.133860540579853,0.41437794041729,0.152440756007634,0.178289668513443
selected_policy__common_coupling__net_zero__HHI_only,lag_hhi_public,0.341126118304209,1,-0.924680842856447,0.178289668513443
selected_policy__common_coupling__net_zero__HHI_only,lag_hhi_client,0.193019804552418,0.640620925358839,-0.34113580966864,0.178289668513443
selected_policy__common_coupling__net_zero__joint,lag_hhi_private,0.133860540579853,0.41437794041729,0.164817449913785,0.178289668513443
selected_policy__common_coupling__net_zero__joint,lag_hhi_public,0.341126118304209,1,-0.918485465178842,0.178289668513443
selected_policy__common_coupling__net_zero__joint,lag_hhi_client,0.193019804552418,0.640620925358839,-0.322492310163464,0.178289668513443
selected_policy__common_coupling__net_zero__joint,lag_private_public_coupling,-0.0648079778115419,0.401120060967278,-0.177303536122845,0.178289668513443
selected_policy__common_coupling__net_active_joint__HHI_only,lag_hhi_private,0.133222239242268,0.409574478815239,0.13403958127523,0.160497248626335
selected_policy__common_coupling__net_active_joint__HHI_only,lag_hhi_public,0.338885737475539,0.998123744562117,-0.91959340889779,0.160497248626335
selected_policy__common_coupling__net_active_joint__HHI_only,lag_hhi_client,0.196970223468702,0.644287964723412,-0.217871667685345,0.160497248626335
selected_policy__common_coupling__net_active_joint__joint,lag_hhi_private,0.133222239242268,0.409574478815239,0.146318987487204,0.160497248626335
selected_policy__common_coupling__net_active_joint__joint,lag_hhi_public,0.338885737475539,0.998123744562117,-0.912634359734475,0.160497248626335
selected_policy__common_coupling__net_active_joint__joint,lag_hhi_client,0.196970223468702,0.644287964723412,-0.199441070663557,0.160497248626335
selected_policy__common_coupling__net_active_joint__joint,lag_private_public_coupling,-0.063716469924793,0.397773335697882,-0.174084338789193,0.160497248626335
selected_policy__common_coupling__net_activity_indicators__HHI_only,lag_hhi_private,-0.17102684762318,0.109490552214257,0.135992707264776,0.178289668513443
selected_policy__common_coupling__net_activity_indicators__HHI_only,lag_hhi_public,-0.275830449282208,0.383043432413583,-0.918772350412276,0.178289668513443
selected_policy__common_coupling__net_activity_indicators__HHI_only,lag_hhi_client,-0.239339982987995,0.203134701858069,-0.24784431949007,0.178289668513443
selected_policy__common_coupling__net_activity_indicators__joint,lag_hhi_private,-0.17102684762318,0.109490552214257,0.148344518466537,0.178289668513443
selected_policy__common_coupling__net_activity_indicators__joint,lag_hhi_public,-0.275830449282208,0.383043432413583,-0.912541037849589,0.178289668513443
selected_policy__common_coupling__net_activity_indicators__joint,lag_hhi_client,-0.239339982987995,0.203134701858069,-0.229061736699124,0.178289668513443
selected_policy__common_coupling__net_activity_indicators__joint,lag_private_public_coupling,-0.0648079778115419,0.401120060967278,-0.17775334474878,0.178289668513443
selected_policy__outcome_2020_21__net_active_joint__HHI_only,lag_hhi_private,0.141884308912759,0.442893921228062,-0.113683798847529,-0.556767895172284
selected_policy__outcome_2020_21__net_active_joint__HHI_only,lag_hhi_public,0.302455411952523,0.951580706801724,-0.927888164125916,-0.556767895172284
selected_policy__outcome_2020_21__net_active_joint__HHI_only,lag_hhi_client,0.220797482686308,0.709183241350675,-0.130690313323395,-0.556767895172284
selected_policy__outcome_2020_21__net_activity_indicators__HHI_only,lag_hhi_private,-0.240048428971454,0.175149997238462,1.1695219273548,0.226104524567546
selected_policy__outcome_2020_21__net_activity_indicators__HHI_only,lag_hhi_public,-0.173164774782608,0.177809268235055,-1.23431044830084,0.226104524567546
selected_policy__outcome_2020_21__net_activity_indicators__HHI_only,lag_hhi_client,-0.25473987232966,0.286290153671516,-0.923353446832083,0.226104524567546
selected_policy__predictor_2020_21__net_active_joint__HHI_only,lag_hhi_private,0.148759276900034,0.462165056483534,-0.187034478049375,0.262993385047652
selected_policy__predictor_2020_21__net_active_joint__HHI_only,lag_hhi_public,0.284054938795397,0.912378484661975,-0.577174604882823,0.262993385047652
selected_policy__predictor_2020_21__net_active_joint__HHI_only,lag_hhi_client,0.234129638970373,0.744978483085785,-0.180942416487348,0.262993385047652
selected_policy__predictor_2020_21__net_activity_indicators__HHI_only,lag_hhi_private,-0.240889726332294,0.179903778607091,0.723023631657309,1.12966045715856
selected_policy__predictor_2020_21__net_activity_indicators__HHI_only,lag_hhi_public,-0.201225307363348,0.193418134623011,-0.870184809041891,1.12966045715856
selected_policy__predictor_2020_21__net_activity_indicators__HHI_only,lag_hhi_client,-0.254155211575696,0.290556342953489,-1.22821752618729,1.12966045715856
selected_policy__predictor_reporting20__net_active_joint__HHI_only,lag_hhi_private,0.150569199083534,0.487227191351781,-0.757220533092386,0.703391841526011
selected_policy__predictor_reporting20__net_active_joint__HHI_only,lag_hhi_public,0.255655292003455,0.798543823140018,-0.285258002472838,0.703391841526011
selected_policy__predictor_reporting20__net_active_joint__HHI_only,lag_hhi_client,0.233440048107994,0.759240406821384,-0.116627992855008,0.703391841526011
selected_policy__predictor_reporting20__net_activity_indicators__HHI_only,lag_hhi_private,-0.206304458195297,0.142344956137132,-0.881349579696299,0.908286397395695
selected_policy__predictor_reporting20__net_activity_indicators__HHI_only,lag_hhi_public,-0.266549767118167,0.291471980245821,-0.369256001500465,0.908286397395695
selected_policy__predictor_reporting20__net_activity_indicators__HHI_only,lag_hhi_client,-0.262576402260389,0.257124236755874,-0.0661375718730023,0.908286397395695
selected_policy__predictor_reporting30__net_active_joint__HHI_only,lag_hhi_private,0.16800204700264,0.521264088781699,-0.256811830634377,1.01136012459334
selected_policy__predictor_reporting30__net_active_joint__HHI_only,lag_hhi_public,0.259487019960996,0.772409234899598,-0.308431867442016,1.01136012459334
selected_policy__predictor_reporting30__net_active_joint__HHI_only,lag_hhi_client,0.260887452396174,0.815105105664553,-0.731230108112298,1.01136012459334
selected_policy__predictor_reporting30__net_activity_indicators__HHI_only,lag_hhi_private,-0.220184140054006,0.151145247965428,-0.265051881782531,1.3136493576986
selected_policy__predictor_reporting30__net_activity_indicators__HHI_only,lag_hhi_public,-0.261010576291717,0.281705277873406,-0.799476674356034,1.3136493576986
selected_policy__predictor_reporting30__net_activity_indicators__HHI_only,lag_hhi_client,-0.263133509622901,0.278463815342917,-0.873688919515683,1.3136493576986
selected_policy__predictor_reporting40__net_active_joint__HHI_only,lag_hhi_private,0.211016861926632,0.624140224266972,0.989274266907031,2.00462269150851
selected_policy__predictor_reporting40__net_active_joint__HHI_only,lag_hhi_public,0.310875539003578,0.850249922074225,-1.76767873067675,2.00462269150851
selected_policy__predictor_reporting40__net_active_joint__HHI_only,lag_hhi_client,0.347968921691312,0.894955477932397,-1.42314382081811,2.00462269150851
selected_policy__predictor_reporting40__net_activity_indicators__HHI_only,lag_hhi_private,-0.238504519596115,0.204076940766546,0.467460096504164,2.4518311107972
selected_policy__predictor_reporting40__net_activity_indicators__HHI_only,lag_hhi_public,-0.251429930030585,0.32732277147985,-2.23441641983666,2.4518311107972
selected_policy__predictor_reporting40__net_activity_indicators__HHI_only,lag_hhi_client,-0.240574461222325,0.291809297236685,-1.44127950086072,2.4518311107972
selected_policy__strict_revenue95__net_active_joint__HHI_only,lag_hhi_private,0.371917562978358,0.939937719519307,-1.13284656790774,1.84404739955125
selected_policy__strict_revenue95__net_active_joint__HHI_only,lag_hhi_public,0.533816912594765,1,-2.69672445592073,1.84404739955125
selected_policy__strict_revenue95__net_active_joint__HHI_only,lag_hhi_client,0.459472878512435,0.987448574634312,-1.12103838584798,1.84404739955125
selected_policy__strict_revenue95__net_activity_indicators__HHI_only,lag_hhi_private,-0.262726302148789,0.294205460724214,-1.35124953199185,2.48562608621543
selected_policy__strict_revenue95__net_activity_indicators__HHI_only,lag_hhi_public,-0.230463171976555,0.219057595310175,-2.35348492707723,2.48562608621543
selected_policy__strict_revenue95__net_activity_indicators__HHI_only,lag_hhi_client,-0.210391958052142,0.286921514816196,-1.58830459432798,2.48562608621543
selected_policy__strict_revenue100__net_active_joint__HHI_only,lag_hhi_private,1,1,0,9.2814371257485
selected_policy__strict_revenue100__net_active_joint__HHI_only,lag_hhi_public,0.996868276774465,1,0.0363553957856082,9.2814371257485
selected_policy__strict_revenue100__net_active_joint__HHI_only,lag_hhi_client,0.897983776662096,1,-6.2308523036785,9.2814371257485
selected_policy__strict_revenue100__net_activity_indicators__HHI_only,lag_hhi_private,0,0.065480063769257,-2.12752808885163,10.1923076923077
selected_policy__strict_revenue100__net_activity_indicators__HHI_only,lag_hhi_public,0.0698533577353531,0.0698533577353531,0,10.1923076923077
selected_policy__strict_revenue100__net_activity_indicators__HHI_only,lag_hhi_client,0,0.0782027417288956,-3.0295730628338,10.1923076923077
selected_policy__no_floor_in_predictor__net_active_joint__HHI_only,lag_hhi_private,0.137300485844444,0.419545589684307,0.29576985026476,0.237071900638211
selected_policy__no_floor_in_predictor__net_active_joint__HHI_only,lag_hhi_public,0.352495870959829,1,-1.02396296511314,0.237071900638211
selected_policy__no_floor_in_predictor__net_active_joint__HHI_only,lag_hhi_client,0.203808182895262,0.660908114491756,-0.176988062128552,0.237071900638211
selected_policy__no_floor_in_predictor__net_activity_indicators__HHI_only,lag_hhi_private,-0.239010684472395,0.175871517547148,1.94342865844602,1.23252801614385
selected_policy__no_floor_in_predictor__net_activity_indicators__HHI_only,lag_hhi_public,-0.121129602081712,0.137795101321042,-1.03607559677682,1.23252801614385
selected_policy__no_floor_in_predictor__net_activity_indicators__HHI_only,lag_hhi_client,-0.257167368490604,0.282519474771331,-1.13877180077056,1.23252801614385
selected_policy__side_specific__private,lag_hhi_private,0.179195276419665,0.597699809735141,2.32772921048153,1.14479490671088
selected_policy__side_specific__public,lag_hhi_public,0.343591948312997,1,-1.05666542453597,0.30382950364073
selected_policy__side_specific__client,lag_hhi_client,0.260288027715506,0.867537353293173,-0.337002602075691,0.659158614523977
