side,ntee_broad_clean,N,BC,dip_p,boundary_pct
private,Arts,8962,0.663118089164258,0,7.34211113590716
private,Education,9186,0.571709574916213,0,3.22229479642935
private,Environment Animals,8708,0.629152795523429,0,13.642627468994
private,Health,9073,0.604975832337644,0,5.72026892979169
private,Human Services,9347,0.655646377523003,0.994171465548999,0.278164116828929
private,International,5579,0.670657666064698,0,34.4506183903926
private,Public Benefit,9309,0.586636217762594,0.972350402754935,0.537114620259963
private,Religion,8483,0.63548404949463,0,14.5821053872451
private,Mutual Benefit,7819,0.615745757175948,0,18.5829389947564
public,Arts,6525,0.63990386474132,0,27.1570881226054
public,Education,6896,0.639334767804403,0,25.9135730858469
public,Environment Animals,5296,0.708954577374317,0,39.8791540785499
public,Health,7693,0.617463419856062,0,22.773950344469
public,Human Services,9052,0.589982885808249,0,5.84401237295625
public,Public Benefit,7903,0.60614975945667,0,20.5238517018854
public,Mutual Benefit,1340,0.832062361370335,0.000907553502967784,70.6716417910448
public,Religion,2574,0.761425288097945,0,51.8259518259518
public,International,1296,0.752891751599125,0.166327058306179,50.6944444444445
client,Arts,8566,0.651134480010361,0,11.1253794069577
client,Education,8755,0.589111744733312,0,9.03483723586522
client,Environment Animals,8122,0.623034702352455,0,21.9896577197735
client,Health,8804,0.576904120506725,0,11.1313039527488
client,Human Services,9318,0.612064454421849,0.158719705393023,0.965872504829363
client,Public Benefit,9245,0.627946947984115,0,2.76906435911303
client,Religion,6491,0.651019031993502,0,28.9939916807888
client,Mutual Benefit,7099,0.668465891821706,0,26.6375545851528
client,International,3148,0.76717085060288,0,46.8233799237611
