side,size,N,BC,dip_p,boundary_pct
private,3-4,9005,0.590666390409185,0,3.34258745141588
private,10-24,17739,0.647396835020863,1,0.0450983708213541
private,5-9,14284,0.605878522581018,0.990196012523237,0.364043685242229
private,25+,24089,0.677755838784453,0.997831308063826,0
private,1,5837,,,100
private,2,5512,0.717215601268631,0,20.8817126269956
public,3-4,2830,0.906653867781862,0,75.0883392226149
public,10-24,13747,0.638720025863545,0,26.4275842001891
public,5-9,7440,0.799123447787024,0,53.3064516129032
public,25+,22995,0.611870190389445,0,5.69254185692542
public,1,568,,,100
public,2,995,0.942017790183975,0.915302867420091,91.5577889447236
client,3-4,7639,0.752451507347318,0,38.6176201073439
client,10-24,17685,0.611726305686108,0,1.12524738478937
client,5-9,13690,0.620946572118439,0,11.9649379108839
client,25+,24095,0.647041005526308,0.999178414565963,0.0332019091097738
client,2,3741,0.904911632255338,0,69.7674418604651
client,1,2698,,,100
