term,estimate,se,statistic,p,sample,specification,N
lag_hhi_private,0.00525063455888713,0.0121300365741629,0.432862219893964,0.665229111018741,health_only,active_joint,6658
lag_hhi_public,-0.0167607536873615,0.0110952780152925,-1.51062043368903,0.131271837762468,health_only,active_joint,6658
lag_hhi_client,-0.00672425214100823,0.0260478653138488,-0.258149835312346,0.796356285668503,health_only,active_joint,6658
log_lag_orgs,-0.617166900738209,0.0268396203334368,-22.9946211261916,1.28277800911995e-90,health_only,active_joint,6658
log_pop,0.196983559821073,0.0428633384457834,4.59561870268766,4.99651955629218e-06,health_only,active_joint,6658
log_mhi_real_2022,-0.0285559838801007,0.0685921787121611,-0.416315451939973,0.677288528360638,health_only,active_joint,6658
poverty_rate,-0.00451081836147377,0.00202295562268006,-2.22981577593765,0.026030694378301,health_only,active_joint,6658
unemployment_rate,-0.00210285488330828,0.00191398208832039,-1.09868054468244,0.272231094458226,health_only,active_joint,6658
lag_hhi_private,0.0025375056442158,0.0125281955480701,0.202543585345512,0.839536521511052,health_only,activity_indicators,8104
lag_hhi_public,-0.0169551410360107,0.0116737941011618,-1.45241049217437,0.146728084463292,health_only,activity_indicators,8104
lag_hhi_client,0.011564226318778,0.0272788275434973,0.423926809183362,0.671718182562616,health_only,activity_indicators,8104
log_lag_orgs,-0.67320512852968,0.0272053299998072,-24.7453395542143,4.72524466264887e-104,health_only,activity_indicators,8104
log_pop,0.14990749802175,0.0539295878355363,2.77968929558498,0.00555193727374457,health_only,activity_indicators,8104
log_mhi_real_2022,-0.03929959862586,0.0747527329588946,-0.525727917499288,0.599203816867563,health_only,activity_indicators,8104
poverty_rate,-0.00453191677935034,0.00222596189945239,-2.03593636551697,0.042042474850976,health_only,activity_indicators,8104
unemployment_rate,-0.000214502111289115,0.00229165976185541,-0.0936012033110215,0.925446311393768,health_only,activity_indicators,8104
inactive_private,0.0386050031806515,0.0479909413526387,0.804422711715133,0.421360480051308,health_only,activity_indicators,8104
inactive_public,-0.00271229406133863,0.0110923785329073,-0.244518707443331,0.806883578894421,health_only,activity_indicators,8104
inactive_client,-0.00874054395083496,0.0528047109471839,-0.165525836503061,0.868566441552841,health_only,activity_indicators,8104
lag_hhi_private,0.0125587988418663,0.00399445688091312,3.14405668061572,0.00171925442939425,excluding_health,active_joint,35207
lag_hhi_public,-0.0131022133479783,0.00256761787853373,-5.10286731429852,4.05825956807873e-07,excluding_health,active_joint,35207
lag_hhi_client,-0.00231807721534926,0.00284611305614584,-0.81447123484559,0.415584222342369,excluding_health,active_joint,35207
log_lag_orgs,-0.0597722140434784,0.00269969344598483,-22.140370838169,1.59081768280428e-87,excluding_health,active_joint,35207
log_pop,-0.0123766796044347,0.0165486481903344,-0.74789671410524,0.454712143728978,excluding_health,active_joint,35207
log_mhi_real_2022,-0.0284143358774728,0.0256112674004263,-1.10944669130274,0.267525254053063,excluding_health,active_joint,35207
poverty_rate,0.000881444318137883,0.000777770607148746,1.13329600017825,0.257382984723531,excluding_health,active_joint,35207
unemployment_rate,0.000734317151153112,0.000678373038751109,1.08246806580786,0.279326086199182,excluding_health,active_joint,35207
lag_hhi_private,0.0532372919477637,0.00455845200113402,11.6788093709267,1.62922677112547e-29,excluding_health,activity_indicators,59844
lag_hhi_public,-0.037327778830405,0.00311588671911094,-11.9798253901399,7.19824438204185e-31,excluding_health,activity_indicators,59844
lag_hhi_client,-0.0226775582018597,0.00336879058158681,-6.73166160158815,2.92128252302772e-11,excluding_health,activity_indicators,59844
log_lag_orgs,-0.0827425229714728,0.00297678332635091,-27.7959508302214,1.85176668469965e-124,excluding_health,activity_indicators,59844
log_pop,-0.0112724732385676,0.0182941014774439,-0.616180753805604,0.537925047250952,excluding_health,activity_indicators,59844
log_mhi_real_2022,0.00691436450897215,0.0312048356404575,0.221579904750647,0.824689258678208,excluding_health,activity_indicators,59844
poverty_rate,0.000477894740252017,0.000824478238907459,0.579632933532957,0.562301662248933,excluding_health,activity_indicators,59844
unemployment_rate,-0.000110602117846995,0.000738036439633381,-0.149859968841019,0.88090738013059,excluding_health,activity_indicators,59844
inactive_private,0.0754307855756587,0.0156906449605689,4.80737316822977,1.78093171147108e-06,excluding_health,activity_indicators,59844
inactive_public,-0.0161770448583332,0.00226376470826239,-7.14608050884857,1.79542206747109e-12,excluding_health,activity_indicators,59844
inactive_client,0.0200604559979813,0.00473532981100546,4.23633765727541,2.49650791694608e-05,excluding_health,activity_indicators,59844
