TAXYEAR,FTYPE,N,source_present,field_present,explicit_zero,positive,negative,missing,scenario
2012,990-EZ,194138,72194,9,1,8,0,194129,selected_policy
2012,990-PC,265560,163004,46717,1758,44952,7,218843,selected_policy
2013,990-EZ,192938,79542,9,1,8,0,192929,selected_policy
2013,990-PC,269496,180451,50721,2070,48650,1,218775,selected_policy
2014,990-EZ,191847,87642,5,0,5,0,191842,selected_policy
2014,990-PC,273185,197984,54940,2428,52506,6,218245,selected_policy
2015,990-EZ,193343,93058,5,2,3,0,193338,selected_policy
2015,990-PC,276294,210482,57672,2657,55013,2,218622,selected_policy
2016,990-EZ,190880,95740,7,0,7,0,190873,selected_policy
2016,990-PC,279421,219369,59529,2783,56744,2,219892,selected_policy
2017,990-EZ,188938,99268,6,2,4,0,188932,selected_policy
2017,990-PC,283405,228670,61587,3056,58529,2,221818,selected_policy
2018,990-EZ,187637,102573,18,5,13,0,187619,selected_policy
2018,990-PC,286480,238328,63796,3400,60389,7,222684,selected_policy
2019,990-EZ,184201,107680,23,8,15,0,184178,selected_policy
2019,990-PC,288177,253274,73448,4687,68751,10,214729,selected_policy
2020,990-EZ,177985,116445,36,12,24,0,177949,selected_policy
2020,990-PC,285309,281897,113402,8983,104408,11,171907,selected_policy
2021,990-EZ,167407,135893,22,4,18,0,167385,selected_policy
2021,990-PC,297065,285361,115356,10255,105093,8,181709,selected_policy
