scenario,TAXYEAR,N,source_present,field_present,explicit_zero,positive,negative,missing,field_pct,positive_pct,source_pct
original_rows,2012,461274,236774,47195,1780,45408,7,414079,10.2314459518638,9.84404063528402,51.3304456787072
original_rows,2013,464093,261652,51211,2103,49107,1,412882,11.034641763612,10.5812843546444,56.3792170965733
original_rows,2014,467125,287719,55524,2465,53053,6,411601,11.8863259298903,11.3573454642762,61.593577736152
original_rows,2015,471785,305688,58251,2686,55563,2,413534,12.3469376940768,11.7771866422205,64.7939209597592
original_rows,2016,472798,317606,60208,2825,57381,2,412590,12.7344024297903,12.1364726585138,67.1758340771323
original_rows,2017,483470,339065,64773,3194,61577,2,418697,13.3975220799636,12.7364676195007,70.1315490102799
original_rows,2018,485963,352747,65298,3542,61748,8,420665,13.4368254373275,12.7063171476018,72.587213429829
original_rows,2019,476311,364887,74681,4769,69902,10,401630,15.6790416345623,14.675705578918,76.6068807984699
original_rows,2020,468373,403421,115462,9139,106312,11,352911,24.6517198899168,22.698148697726,86.1324201010733
original_rows,2021,469682,426464,117358,10431,106919,8,352324,24.9866931242841,22.76412551471,90.7984551249569
selected_policy,2012,459698,235198,46726,1759,44960,7,412972,10.1644993017155,9.78033404539502,51.1635900090929
selected_policy,2013,462434,259993,50730,2071,48658,1,411704,10.9702141278539,10.5221501879187,56.2227258376331
selected_policy,2014,465032,285626,54945,2428,52511,6,410087,11.8153159352475,11.2919110942903,61.4207194343615
selected_policy,2015,469637,303540,57677,2659,55016,2,411960,12.2811873851507,11.7145795582546,64.6328973228259
selected_policy,2016,470301,315109,59536,2783,56751,2,410765,12.6591268145294,12.0669528663558,67.001558576316
selected_policy,2017,472343,327938,61593,3058,58533,2,410750,13.0398883861939,12.3920540793449,69.4279369017854
selected_policy,2018,474117,340901,63814,3405,60402,7,410303,13.4595469050888,12.7398933174723,71.9022941594585
selected_policy,2019,472378,360954,73471,4695,68766,10,398907,15.5534339025103,14.5574095321967,76.4121106402076
selected_policy,2020,463294,398342,113438,8995,104432,11,349856,24.4851001739716,22.5411941445389,85.9803925800895
selected_policy,2021,464472,421254,115378,10259,105111,8,349094,24.8406793089788,22.6302123701752,90.6952410478996
