ntee_broad_clean,N,mean_density,median_orgs,median_private_equiv,private_hhi,public_hhi,client_hhi,private_cr4,public_cr4,client_cr4,pp,pc,qc
A_Arts,1779,12.8598601578761,9,3.45392378690883,0.379591401331113,0.535582834196586,0.461486597802104,0.819123060003829,0.898770091686416,0.861869025615548,0.345462073490375,0.277196530989104,0.366660867765378
B_Education,1843,19.8370832260377,13,2.38596123958949,0.472537883522052,0.587261625515073,0.561741183134962,0.871926768032269,0.908484772471633,0.909946894797471,0.277977402243062,0.353289936856533,0.438116666818731
CD_Environment_Animals,1767,8.84880418898462,6,2.51055032744091,0.470019810158611,0.667214988895698,0.585828863327317,0.875579263132056,0.952775541711135,0.927435187992382,0.342279686603516,0.257089472827484,0.317383932057672
EFGH_Health,1834,13.9151947712479,10,2.69433495785179,0.432290986972903,0.557442298583275,0.62525116806119,0.860672419400436,0.913167925654902,0.941156598959151,0.18247692092954,0.203240905351176,0.550570950119588
IJKLMNOP_Human_Services,1869,58.2969331448516,45,6.91498517083193,0.194835730724102,0.349648398483364,0.289401462836281,0.629292630701075,0.797077262637634,0.74565395294513,0.184370206696136,0.101377104816793,0.203423971854445
RSTUVW_Public_Benefit,1861,32.473935993386,24,3.67509504475386,0.327520127731107,0.552964222363767,0.527046365958299,0.800419416987143,0.9252197655447,0.891760917041181,0.136850667981051,-0.0446429390278866,0.0988218276479086
X_Religion,1719,7.30803374030021,5,2.42494701757633,0.480574697259403,0.740666482954904,0.679129884852469,0.867176782493463,0.966561145997798,0.950838831369007,0.288634045156346,0.122420379608612,0.338704049513095
Y_Mutual_Benefit,1619,5.85549498211182,5,1.84986218165835,0.592154885384442,0.848580725856247,0.704284873109301,0.937641740449482,0.991799232814666,0.961163956729262,0.0401287118057114,-0.186262578660717,0.00546461937327431
Q_International,1145,2.77076029696874,3,1.54790425548322,0.654980028737375,0.755598804902365,0.758600950671969,0.936727741279537,0.976356952737646,0.969635304799199,0.273243257295596,0.0403918351219751,0.259989966985704
