ntee_broad_clean,pp,pc,qc
A_Arts,0.532278725826779,0.720426334124407,0.562831203325251
B_Education,0.483227879415937,0.529872569990281,0.516133429725653
CD_Environment_Animals,0.513133379475282,0.688937745777996,0.512961968196217
EFGH_Health,0.520234748787004,0.489241053931223,0.578037588895561
IJKLMNOP_Human_Services,0.353758337762423,0.381398087076821,0.419623594465572
RSTUVW_Public_Benefit,0.260703853593076,0.214684584016438,0.320633159348087
X_Religion,0.353614741709808,0.513655484142798,0.37305378128572
Y_Mutual_Benefit,0.0550331360963069,0.414287905111796,0.261765323501922
Q_International,0.364186114590577,0.480940196435541,0.411091040528974
