ntee_broad_clean,N,markets,unknown_private_public,private_positive_pct,private_N_observed,private_mean_positive,private_total,public_positive_pct,public_N_observed,public_mean_positive,public_total,client_positive_pct,client_N_observed,client_mean_positive,client_total
IJKLMNOP_Human_Services,1605711,9361,4,78.224420769169,1605707,563688.566198136,708023842016,17.2757545430144,1605707,2005823.30133599,556411372144,57.7897890716325,1605711,1803489.98078749,1673525082302
RSTUVW_Public_Benefit,858327,9330,1,78.2798144294825,858326,1192673.20121864,801352353206,9.26000144467254,858326,2864672.19364376,227687010623,48.3621044194113,858327,2929838.47465822,1216190600023
Y_Mutual_Benefit,147533,8317,1,53.955074153404,147532,277463.550797101,22086376107,1.6152427947835,147532,270456.743180864,644498419,58.5740139494215,147533,18712071.1585355,1617022341236
A_Arts,394076,9006,5,92.4741988118892,394071,524553.182040207,191154523280,18.0563908534249,394071,746429.547087345,53112194423,65.8880520508734,394076,568850.437259531,147701447184
B_Education,710532,9214,0,85.4214869984744,710532,1141454.81385525,692802574905,12.7708533887284,710532,5112556.46650357,463918486327,51.4620031187899,710532,6523135.3760741,2385210542803
X_Religion,238875,8602,0,92.3436944008373,238875,575690.216981132,126989202203,4.09837781266353,238875,734110.415117467,7186940964,30.0617477760335,238875,768867.588302465,55212381516
CD_Environment_Animals,198961,8758,1,92.8905307599518,198960,675516.043064686,124845497499,13.0528749497386,198960,960397.524528302,24941523712,53.0948276295354,198961,595063.570788921,62861325491
EFGH_Health,426381,9195,0,82.2266939661946,426381,1690466.03576736,592675701674,21.4195754501256,426381,4054325.69787253,370277511661,58.819225059278,426381,47838794.152392,11997682540655
Q_International,93310,5706,0,94.3253670560497,93310,3049208.04711697,268376046267,7.38720394384311,93310,12291550.124184,84725655006,24.4164612581717,93310,1725445.25729711,39310819297
