scenario,n_active,active_mix,N,pct
original_rows,2,private+client,20347,26.8408833073899
selected_policy,2,private+client,20358,26.8592915099941
original_rows,3,private+public+client,47233,62.3077328971322
selected_policy,3,private+public+client,47211,62.2877498515733
selected_reporters_only,3,private+public+client,42023,85.4334390501749
original_rows,1,private,6902,9.10482019892885
selected_policy,1,private,6903,9.10746091430833
selected_reporters_only,2,private+public,3910,7.94909327478247
selected_reporters_only,2,private+client,546,1.11002683581361
original_rows,2,private+public,555,0.732132021212041
selected_policy,2,private+public,554,0.730918926050531
selected_reporters_only,1,public,590,1.1994795478572
selected_reporters_only,2,public+client,1360,2.76490200861999
original_rows,1,client,662,0.873281798274543
selected_policy,1,client,662,0.873408536183126
selected_reporters_only,1,client,76,0.15450922989347
selected_reporters_only,1,private,683,1.38855005285842
original_rows,2,public+client,73,0.0962984460332955
selected_policy,2,public+client,73,0.0963124216636981
original_rows,1,public,34,0.0448513310292061
selected_policy,1,public,34,0.0448578402269279
