side,N,mean_hhi,pct_hhi_eq1,BC,dip_p,diagnostic,scenario,sample
private,76477,0.422125011666746,9.55058383566301,0.655031850527806,0,both tests positive,original_rows,full
public,48598,0.610417620515461,25.4434338861682,0.634913135372087,0,boundary-sensitive,original_rows,full
client,69548,0.539830875886137,14.4058779547938,0.629695905319101,0,boundary-sensitive,original_rows,full
private,56243,0.299843916625192,0.106679942392831,0.598846338637075,1,mixed,original_rows,n_ge5
public,44266,0.577874390185351,19.9204807301315,0.610599836167683,0,boundary-sensitive,original_rows,n_ge5
client,55579,0.453901889149198,3.3321938142104,0.602086757109306,0,both tests positive,original_rows,n_ge5
private,42014,0.249327849080372,0.0190412719569667,0.634867367716557,1,mixed,original_rows,n_ge10
public,36883,0.524621880998028,13.3421901689125,0.59471176410062,0,boundary-sensitive,original_rows,n_ge10
client,41954,0.3814140509889,0.498164656528579,0.623859620415702,0,both tests positive,original_rows,n_ge10
private,15257,0.427428996105548,9.66769351772957,0.649001246944306,0,both tests positive,original_rows,recent_2020_21
public,11336,0.56523122315906,21.0215243472124,0.626435202412633,0,boundary-sensitive,original_rows,recent_2020_21
client,13863,0.548612015568893,14.5062396306716,0.627808711781271,0,boundary-sensitive,original_rows,recent_2020_21
private,5529,0.243417129715166,0,0.635242227735822,0.986594650230893,mixed,original_rows,high_reporting_2020_21_n_ge10
public,5520,0.370531025868207,0.615942028985507,0.556832931859387,0.991062338103442,mixed,original_rows,high_reporting_2020_21_n_ge10
client,5527,0.365174534586278,0.217115976117243,0.620491380125822,0.924242502214308,mixed,original_rows,high_reporting_2020_21_n_ge10
private,76466,0.425221516050231,9.61080741767583,0.652897140424055,0,both tests positive,selected_policy,full
public,48575,0.615977646888679,25.7581060216161,0.635121382825706,0,boundary-sensitive,selected_policy,full
client,69548,0.543769225659095,14.5266578478173,0.62849022955537,0,boundary-sensitive,selected_policy,full
private,56112,0.302530000083535,0.106928999144568,0.598197159423103,1,mixed,selected_policy,n_ge5
public,44182,0.583243511447341,20.1620569462677,0.609656904324314,0,boundary-sensitive,selected_policy,n_ge5
client,55470,0.457413236659093,3.32612222823148,0.599902451026303,0,both tests positive,selected_policy,n_ge5
private,41828,0.25189578212588,0.019125944343502,0.635216352854031,1,mixed,selected_policy,n_ge10
public,36742,0.529405793249573,13.4505470578629,0.591970493504241,0,boundary-sensitive,selected_policy,n_ge10
client,41780,0.384589022219652,0.495452369554811,0.62194579622954,0,both tests positive,selected_policy,n_ge10
private,15252,0.431279491639112,9.72331497508523,0.646527749582995,0,both tests positive,selected_policy,recent_2020_21
public,11327,0.570776889385924,21.3030811335746,0.625916851283076,0,boundary-sensitive,selected_policy,recent_2020_21
client,13863,0.553104772105425,14.6649354396595,0.627259405718672,0,boundary-sensitive,selected_policy,recent_2020_21
private,5479,0.246856703255411,0,0.634112302185373,0.990612660483567,mixed,selected_policy,high_reporting_2020_21_n_ge10
public,5470,0.375827881838314,0.639853747714808,0.556230805307216,0.976114400558212,mixed,selected_policy,high_reporting_2020_21_n_ge10
client,5482,0.369239720081699,0.218898212331266,0.618578930290097,0.939433268904887,mixed,selected_policy,high_reporting_2020_21_n_ge10
private,47810,0.621747692582364,26.7538171930558,0.64848147879438,0,boundary-sensitive,selected_reporters_only,full
public,48586,0.615910383353944,25.7543325237723,0.635107676546397,0,boundary-sensitive,selected_reporters_only,full
client,44598,0.672207974074974,29.3824835194403,0.665493272806944,0,boundary-sensitive,selected_reporters_only,full
private,20909,0.363680637477572,0.148261514180496,0.561475214217708,1,mixed,selected_reporters_only,n_ge5
public,20906,0.34988053359781,0.0860996843011576,0.543611818203692,0.998712394304088,weak,selected_reporters_only,n_ge5
client,20851,0.450192566318804,1.03112560548655,0.558682778260572,0,both tests positive,selected_reporters_only,n_ge5
private,12034,0.282331318998015,0.00830978893136114,0.598051792813478,0.999912307965003,mixed,selected_reporters_only,n_ge10
public,12033,0.262896990577909,0,0.591948603481322,1,mixed,selected_reporters_only,n_ge10
client,12027,0.353664323581105,0.0582023779828719,0.578884431762767,0.995607933028814,mixed,selected_reporters_only,n_ge10
private,11428,0.571778923072145,22.3836191809591,0.640088219292568,0,boundary-sensitive,selected_reporters_only,recent_2020_21
public,11332,0.570602620767317,21.2936816096011,0.625872231143295,0,boundary-sensitive,selected_reporters_only,recent_2020_21
client,10620,0.630924780130122,25.2542372881356,0.64666138086232,0,boundary-sensitive,selected_reporters_only,recent_2020_21
private,3588,0.268874888870571,0.0278706800445931,0.62544597162739,1,mixed,selected_reporters_only,high_reporting_2020_21_n_ge10
public,3587,0.259698014262787,0,0.593771751989208,0.99314146413752,mixed,selected_reporters_only,high_reporting_2020_21_n_ge10
client,3588,0.345257196685141,0.0836120401337793,0.580877529568102,0.99321201235821,mixed,selected_reporters_only,high_reporting_2020_21_n_ge10
