scenario,sample,measure,N,CBSAs,gross_pp,gross_pc,net_pp,net_pc,gap_gross,gap_net,gap_change,gap_gross_se,gap_gross_lo,gap_gross_hi,gap_net_se,gap_net_lo,gap_net_hi,gap_change_se,gap_change_lo,gap_change_hi
original_rows,full,pearson,47529,930,0.576614561902345,0.246919492708063,0.179996045449408,0.189441437946601,0.329695069194282,-0.00944539249719298,-0.339140461691475,0.00624485200239498,0.317513644824398,0.341356940281789,0.00446526651435757,-0.0187324130452798,-0.000913516923229857,0.00523683556004964,-0.349373202167087,-0.328770949385583
original_rows,full,spearman,47529,930,0.467903792511221,0.0741159876887406,0.163459856139429,-0.00667972321583187,0.39378780482248,0.170139579355261,-0.223648225467219,0.0043497446102261,0.385119162052098,0.402410694326712,0.00405914843658868,0.162454486560545,0.177845269953742,0.00345997432060958,-0.230330768132903,-0.216782628946536
original_rows,full,partial,45407,927,0.490404688698234,-0.0443150216697363,0.00666901627301663,-0.0570898174837256,0.53471971036797,0.0637588337567422,-0.470960876611228,0.00841465754841693,0.517699569287217,0.550320340790986,0.00589808958717603,0.0519522704964232,0.0748912670002711,0.00743298397402222,-0.484759558755674,-0.456309651784649
original_rows,full,participation_phi,36808,927,0.187505779986591,-0.176688581536574,0.0485056468767847,-0.194544589120246,0.364194361523165,0.243050235997031,-0.121144125526135,0.00392921008086151,0.357086647564825,0.37217231689583,0.00383740691476832,0.236159033332986,0.251186331481036,0.00220644398119812,-0.125658796679227,-0.116867883933474
original_rows,full,positive_spearman,26432,876,0.72644956514006,0.328610009274094,0.199689187800275,0.278887489676791,0.397839555865966,-0.0791983018765159,-0.477037857742482,0.00544156707089123,0.386955511865698,0.408401245886196,0.00641279989606135,-0.0916097627637717,-0.0673572262103166,0.00628140666838148,-0.48972215485708,-0.464846716656656
original_rows,n_ge_10,pearson,36862,908,0.569117291670697,0.234176553608503,0.180255991067959,0.195302074998392,0.334940738062193,-0.0150460839304334,-0.349986821992627,0.00671680866762261,0.322359051631904,0.347573181502774,0.00452686900972808,-0.0239486100919011,-0.00673387639225622,0.00558626261201995,-0.361338880765667,-0.33974403731611
original_rows,n_ge_10,spearman,36862,908,0.447669843644427,0.0371356618920901,0.165831041395808,-0.0295674082619372,0.410534181752337,0.195398449657745,-0.215135732094592,0.0043981209635049,0.401873395100945,0.418775465570964,0.00400378322993124,0.186933781858892,0.202843010992305,0.0030894651083945,-0.221173987945871,-0.209139411252639
original_rows,n_ge_10,partial,36862,908,0.49743854181935,-0.0296575047821513,0.0263223344597825,-0.0377723671313353,0.527096046601501,0.0640947015911179,-0.463001345010383,0.00921532471116267,0.50981697144074,0.545925837192489,0.00593006759756592,0.0523061468138898,0.0752578554302173,0.00799944749629534,-0.479666562129266,-0.447790298385554
original_rows,n_ge_10,participation_phi,32917,905,0.172869364179355,-0.178810649037636,0.0352470477123934,-0.196070472985693,0.35168001321699,0.231317520698086,-0.120362492518904,0.00362279368366673,0.344420322662495,0.358608572427216,0.00350859928610941,0.22451806896172,0.238251643847259,0.00220287538474124,-0.12491220144247,-0.116009232980785
original_rows,n_ge_10,positive_spearman,25473,862,0.727808423393741,0.327354700211633,0.200361839066679,0.278202590704959,0.400453723182108,-0.0778407516382801,-0.478294474820388,0.00532910442581802,0.389998816879605,0.410487023823641,0.00641167748804694,-0.0901499554007285,-0.0655224559715622,0.00640466160924547,-0.490993405755866,-0.465360046843214
original_rows,years_2020_21,pearson,10948,928,0.638032942269373,0.282681743684529,0.235173319988883,0.17951859193437,0.355351198584844,0.0556547280545134,-0.29969647053033,0.0063023219504927,0.343110168189365,0.367562878838964,0.00528748669403015,0.0452901018511389,0.0658295797778105,0.00562023053984922,-0.310897309540323,-0.288922285528902
original_rows,years_2020_21,spearman,10948,928,0.549520239130841,0.119959250975624,0.220025464536431,-0.00180265019126898,0.429560988155217,0.2218281147277,-0.207732873427516,0.00483737775841186,0.420108072828694,0.438814561939031,0.00504062207240818,0.211729461139678,0.231483753504303,0.00400382280534805,-0.21572995991831,-0.20018720639927
original_rows,years_2020_21,partial,10319,926,0.537267323280121,0.00880193753206724,0.0327955100261563,-0.0602310642310284,0.528465385748054,0.0930265742571848,-0.435438811490869,0.00848644828219998,0.511277318898408,0.543844839761586,0.00708826300691951,0.0786532894526488,0.106333028253882,0.00814999161781287,-0.451417192950996,-0.420018933268971
original_rows,years_2020_21,participation_phi,8035,919,0.233804026282591,-0.166961318183518,0.0786280495279816,-0.196124093773978,0.400765344466109,0.27475214330196,-0.126013201164149,0.00430654093085826,0.39219850206122,0.409123766970377,0.00437501754317985,0.266460639423892,0.282974387527844,0.00264095733207164,-0.131281968162415,-0.120888956761418
original_rows,years_2020_21,positive_spearman,6816,857,0.740038844628821,0.370682328311158,0.250283067848933,0.276631029549761,0.369356516317664,-0.026347961700828,-0.395704478018492,0.00595833898629862,0.357643012390746,0.381540706339413,0.00696307749377956,-0.0396712499313672,-0.0126557745684975,0.00668119235797566,-0.408820431158453,-0.382194616157561
original_rows,high_reporting_2020_21,pearson,8031,927,0.698992403056662,0.329038317849722,0.25349188841474,0.207626739995834,0.36995408520694,0.0458651484189058,-0.324088936788034,0.0073159801162676,0.356139598666876,0.384149008672779,0.00666657595874572,0.0326851146134228,0.0589249255739867,0.00674545082058283,-0.337112028194007,-0.310498119407385
original_rows,high_reporting_2020_21,spearman,8031,927,0.606482852797335,0.179469869781432,0.239262708620885,0.0359654432708469,0.427012983015903,0.203297265350038,-0.223715717665864,0.00571362156127458,0.415415777532896,0.438290891093368,0.00627274841254038,0.190663620553609,0.215385641239352,0.0049447432034124,-0.232867381727374,-0.214253414081519
original_rows,high_reporting_2020_21,partial,7403,922,0.599260887651866,0.0503689730531332,0.0325914865771957,-0.0305743267622636,0.548891914598733,0.0631658133394593,-0.485726101259273,0.00990765051440643,0.529122638893684,0.567373886519349,0.00841914783646312,0.0460225842437588,0.078726688644166,0.00969117743581023,-0.504094053338153,-0.467629549849463
original_rows,high_reporting_2020_21,participation_phi,5568,908,0.263399018487732,-0.137345305638191,0.0955107574542375,-0.171495119461397,0.400744324125923,0.267005876915634,-0.133738447210289,0.00535331967402752,0.390373010319404,0.411417581340909,0.00526381518657881,0.2571694863516,0.277733430153762,0.00310693386306715,-0.139363844308648,-0.127543935051452
original_rows,high_reporting_2020_21,positive_spearman,5488,850,0.757219973918161,0.386474348908569,0.249981928904805,0.281395701329784,0.370745625009592,-0.0314137724249793,-0.402159397434571,0.00658070685818455,0.358132201416066,0.384162296479622,0.00801415224168062,-0.0470643067916256,-0.0155721651430272,0.00763870784662997,-0.417147523617441,-0.387188271412382
original_rows,high_reporting_2020_21_n_ge_10,pearson,5518,879,0.708925651660699,0.318924134504476,0.258140053993289,0.220957056207276,0.390001517156223,0.0371829977860124,-0.35281851937021,0.00737249424927981,0.375268074490618,0.404461154068618,0.00586869342507981,0.0257384870214269,0.0486514290704448,0.00673371488708555,-0.365688488930484,-0.339250989567457
original_rows,high_reporting_2020_21_n_ge_10,spearman,5518,879,0.603528689308137,0.141704928828273,0.24930668035888,0.0102153278059744,0.461823760479864,0.239091352552905,-0.222732407926959,0.00517969614622933,0.451034281945603,0.472319761962297,0.00482929880901614,0.229504358444944,0.248858573811662,0.0039877098873091,-0.229986816230734,-0.214777134069568
original_rows,high_reporting_2020_21_n_ge_10,partial,5518,879,0.623597351311557,0.0666660389010697,0.0616397810086585,-0.00394803450962862,0.556931312410487,0.0655878155182871,-0.4913434968922,0.010151929496799,0.536071895061678,0.576951449839281,0.0079175109815604,0.0500101812324585,0.08115898734003,0.00952042994047172,-0.509492774640438,-0.473011088523665
original_rows,high_reporting_2020_21_n_ge_10,participation_phi,4775,860,0.242087951862493,-0.14098098146053,0.0724373015243327,-0.175222953966538,0.383068933323022,0.24766025549087,-0.135408677832152,0.00465990939887666,0.374244544182614,0.392445600927307,0.00446788884177253,0.238833296642555,0.256610501805246,0.00292149876089933,-0.141184885410117,-0.129799133283663
original_rows,high_reporting_2020_21_n_ge_10,positive_spearman,5060,824,0.759593182735166,0.384264872056972,0.252189401969904,0.280861086286914,0.375328310678194,-0.0286716843170102,-0.403999994995204,0.00641415756237495,0.362879006289151,0.38788260842334,0.00766538840729736,-0.0428492747811491,-0.0134144824050981,0.00743199117943255,-0.419078793706552,-0.390361643145867
original_rows,strict_revenue_95,pearson,3249,667,0.91536661572588,0.492001337749865,0.479802969695945,0.339999062637352,0.423365277976015,0.139803907058593,-0.283561370917422,0.0192286512761258,0.385240888994596,0.462214139735094,0.0188188015526253,0.104471969136759,0.177500266395584,0.0171278929537246,-0.320250877948077,-0.249447850877211
original_rows,strict_revenue_95,spearman,3249,667,0.770151494940015,0.296930760163812,0.386103928183585,0.122071710572421,0.473220734776203,0.264032217611164,-0.209188517165039,0.0155690962577415,0.44376588175593,0.506151447824277,0.0163493451916744,0.233638285870589,0.298286058974782,0.0117642091731666,-0.231954982906823,-0.187450678258901
original_rows,strict_revenue_95,partial,2537,609,0.85297323783457,0.221737638486966,0.265647804542257,0.132749536972375,0.631235599347604,0.132898267569882,-0.498337331777722,0.0305763362853778,0.570344992671795,0.689629754544497,0.0307187523820939,0.0745687394415971,0.193446325928073,0.0261586981729383,-0.549694394259469,-0.447436548820549
original_rows,strict_revenue_95,participation_phi,1925,530,0.347529169724487,-0.122101392288777,0.177362640055256,-0.155944501322259,0.469630562013264,0.333307141377515,-0.136323420635749,0.0167842487498099,0.436864063097129,0.503603578220766,0.0184303756077249,0.296084824152821,0.368264831723887,0.0109835101527309,-0.159056979471041,-0.117082248087723
original_rows,strict_revenue_95,positive_spearman,1388,453,0.822680879079773,0.450614446229984,0.309296020649404,0.337175964237473,0.37206643284979,-0.0278799435880693,-0.399946376437859,0.0169578894842954,0.339419738902977,0.407044823752046,0.0228855778952317,-0.0713385423555603,0.0195781162847869,0.0216471507954116,-0.442702030192717,-0.357709388393395
original_rows,strict_revenue_100,pearson,270,118,0.795183506965371,0.209817854609233,0.486235932073702,0.156507195671154,0.585365652356138,0.329728736402548,-0.25563691595359,0.0842553655469316,0.429209905808457,0.752863658365851,0.0855928188386455,0.166338608202287,0.504797010157385,0.0550226233705729,-0.370398390934083,-0.157400131132047
original_rows,strict_revenue_100,spearman,270,118,0.801310961279362,0.182439582978674,0.511124903558832,0.134058391643522,0.618871378300688,0.377066511915309,-0.241804866385379,0.0846923828152305,0.460975429735761,0.785143151561318,0.0852498202015794,0.217152056457909,0.551339053617446,0.0466883521984087,-0.339940903828754,-0.152202081135421
original_rows,strict_revenue_100,partial,48,30,0.778587938175348,-0.0824766370274685,0.155367046090073,-0.05388469365099,0.861064575202817,0.209251739741063,-0.651812835461754,0.138854734215334,0.606755926135308,1.14028794445904,0.164666480724739,-0.0636337990008061,0.565451887772439,0.163518219946007,-0.95022092115074,-0.319469086582298
original_rows,strict_revenue_100,participation_phi,79,47,0.916017303828765,0.0927855980106832,0.744388525277874,0.0515185830812376,0.823231705818082,0.692869942196636,-0.130361763621446,0.120919736736091,0.578574446131012,1.0516547932586,0.125446851329079,0.457221590549837,0.932665240598099,0.0464722391324095,-0.229556121777884,-0.0494224787923851
original_rows,strict_revenue_100,positive_spearman,19,16,0.846100190234623,0.553132832080201,0.330994152046784,0.282456140350877,0.292967358154422,0.0485380116959064,-0.244429346458516,0.130344642122807,0.054652849493211,0.559918737311031,0.164961524192166,-0.247220502235982,0.395437545388526,0.0985219886990606,-0.426861471861472,-0.0507413582903041
selected_policy,full,pearson,47507,930,0.576899512936196,0.247164564149265,0.180395927928802,0.189632613832414,0.329734948786931,-0.0092366859036126,-0.338971634690544,0.00622982771848401,0.317687062048326,0.341292117794292,0.00445414318568902,-0.0184979038911137,-0.000725139259524567,0.00523530858260087,-0.349189558328374,-0.328549073299436
selected_policy,full,spearman,47507,930,0.467451712344902,0.0736128328685273,0.163514288028689,-0.00719535114810538,0.393838879476375,0.170709639176795,-0.22312924029958,0.00433807099852183,0.38514643926724,0.40246028854966,0.00404784293825795,0.162965182593916,0.178361264235987,0.00344570562411243,-0.229727390295508,-0.21627512132744
selected_policy,full,partial,45357,927,0.490828588375882,-0.0436439733128003,0.00741877933006835,-0.0565768230630484,0.534472561688683,0.0639956023931167,-0.470476959295566,0.00841275523392312,0.51748913561608,0.550198663005557,0.00589053403658776,0.0521256283902247,0.0752618697172378,0.00743614065472406,-0.484245341359158,-0.455968617900774
selected_policy,full,participation_phi,36793,927,0.187074353126621,-0.177023934700778,0.0483131119826229,-0.194900326755707,0.364098287827398,0.24321343873833,-0.120884849089068,0.00392783020280854,0.357106215096336,0.372047960325057,0.00383746362354716,0.236277682656446,0.251326743887912,0.00219922653739876,-0.125310182008606,-0.116637084778786
selected_policy,full,positive_spearman,26233,869,0.727517602439557,0.328340043333837,0.201071390136618,0.278450969043003,0.39917755910572,-0.0773795789063849,-0.476557138012105,0.00577413829746425,0.387632916292433,0.41047389357863,0.0064656481016794,-0.0905451059160238,-0.0642276099817529,0.00614661947656406,-0.488271720447992,-0.465341148212977
selected_policy,n_ge_10,pearson,36722,908,0.569533420083105,0.234294596235982,0.180984936163387,0.19543749698255,0.335238823847123,-0.0144525608191638,-0.349691384666287,0.00672147201260029,0.322544048594385,0.347822735010253,0.0045285600669588,-0.0233982377727171,-0.00617648954454312,0.00559322427812818,-0.360896561668292,-0.339473099134985
selected_policy,n_ge_10,spearman,36722,908,0.447052111646368,0.036213339872956,0.166011529377764,-0.0304220421109172,0.410838771773412,0.196433571488682,-0.21440520028473,0.00439934196587616,0.402085917538358,0.419105515298433,0.00400835201718986,0.18776808275991,0.203928900930119,0.00308619749095306,-0.22044046889174,-0.208370385976717
selected_policy,n_ge_10,partial,36722,908,0.49808621919576,-0.0288746116973841,0.0275051658973579,-0.0372025739776083,0.526960830893144,0.0647077398749662,-0.462253091018178,0.00922990579843669,0.509883882900326,0.545490406164532,0.00593222103734934,0.0530125344855784,0.075923269414899,0.00800537575537183,-0.478894244712333,-0.447245873004891
selected_policy,n_ge_10,participation_phi,32833,905,0.172354761928087,-0.179146218693586,0.0349393624876529,-0.196477021383662,0.351500980621673,0.231416383871315,-0.120084596750358,0.00362148257243978,0.344305468073433,0.358414042191232,0.00350511300683529,0.22450450263695,0.238346312419063,0.00219978279425486,-0.124568922650057,-0.115704186954606
selected_policy,n_ge_10,positive_spearman,25285,856,0.729045917992052,0.327542833587215,0.202347145155052,0.278241550493907,0.401503084404837,-0.0758944053388548,-0.477397489743692,0.00538494064593294,0.39092383510392,0.411978371174414,0.00628917983681005,-0.0879344239930792,-0.0634888576342005,0.00630687364629222,-0.489547056316262,-0.464347764407169
selected_policy,years_2020_21,pearson,10939,928,0.638756371942557,0.283243642609395,0.236073203250861,0.179958848628047,0.355512729333162,0.0561143546228136,-0.299398374710349,0.00629885435716297,0.343490235878459,0.36782607012746,0.00529761649933366,0.0456117281894431,0.0661145608131706,0.00561797792963879,-0.31075196378143,-0.288704957949491
selected_policy,years_2020_21,spearman,10939,928,0.549456858966651,0.119595623152338,0.220374786033543,-0.00211443175763799,0.429861235814313,0.222489217791181,-0.207372018023132,0.00480593549463722,0.420462679369067,0.439211391269641,0.00503757240316929,0.212531821822671,0.232157050005975,0.00399703595962419,-0.215336180053316,-0.199878718808037
selected_policy,years_2020_21,partial,10306,926,0.538098189776731,0.00966425562680637,0.0341761707150335,-0.0597096197577981,0.528433934149925,0.0938857904728316,-0.434548143677093,0.0084973332749591,0.511102710693138,0.544012696827123,0.00706173811604506,0.0794805366211093,0.107285262427035,0.00816850138677568,-0.450290217372906,-0.419118650446838
selected_policy,years_2020_21,participation_phi,8029,919,0.233451635213276,-0.167328321344286,0.0784537030833066,-0.196511614438367,0.400779956557562,0.274965317521674,-0.125814639035889,0.00430941224779942,0.392124958088523,0.409210196002687,0.00439723490098229,0.266615943883753,0.28332337543332,0.00265053459863213,-0.131186844902948,-0.120678909087222
selected_policy,years_2020_21,positive_spearman,6759,853,0.740356329061327,0.370752530203528,0.251095208287854,0.27611552093578,0.369603798857799,-0.0250203126479258,-0.394624111505725,0.00591577883099799,0.357984215286303,0.3817115554424,0.00716380179944153,-0.0397271632119212,-0.0114015333241469,0.00693033769888877,-0.407758070441544,-0.380789705313835
selected_policy,high_reporting_2020_21,pearson,8005,927,0.699609015410175,0.330255278007331,0.254646824531063,0.208895699449798,0.369353737402844,0.0457511250812649,-0.323602612321579,0.00727357116753834,0.355645586718311,0.383218151589692,0.00663048316828386,0.0327045708583021,0.0586686918028048,0.00679712737761755,-0.336286219615308,-0.309903399838962
selected_policy,high_reporting_2020_21,spearman,8005,927,0.605983874450865,0.179362743683085,0.238948667406712,0.0358605765610467,0.42662113076778,0.203088090845665,-0.223533039922115,0.00568594563159808,0.414858264670484,0.437855314323003,0.00628330593467948,0.190599473436145,0.215199909405329,0.00495656640838248,-0.232728027252461,-0.214225385375467
selected_policy,high_reporting_2020_21,partial,7372,921,0.600107933386861,0.0519369742002535,0.0342881248012676,-0.0290070363626833,0.548170959186608,0.0632951611639509,-0.484875798022657,0.0099153128472054,0.528408581379244,0.566338784815892,0.00865864649511606,0.0456844330771599,0.0790836199581996,0.00980222584483651,-0.502890350258292,-0.464732377149995
selected_policy,high_reporting_2020_21,participation_phi,5542,905,0.263115901818239,-0.137316235431348,0.095380934361124,-0.171459748622296,0.400432137249587,0.26684068298342,-0.133591454266167,0.0052977872707954,0.389825663666378,0.410811738387906,0.00523241613949306,0.256877356813925,0.277042378648766,0.00314859471225606,-0.140168007979705,-0.127486467896107
selected_policy,high_reporting_2020_21,positive_spearman,5424,844,0.756964783227951,0.386313161594609,0.249973197387255,0.280741661910814,0.370651621633342,-0.0307684645235593,-0.401420086156901,0.00670551632291126,0.357824968221422,0.383662258622246,0.00784385459149953,-0.0466768644568774,-0.0151961607341371,0.00774990419026811,-0.418058836295663,-0.386437325169893
selected_policy,high_reporting_2020_21_n_ge_10,pearson,5469,877,0.710092621929416,0.320243626257889,0.25938895655653,0.222210724410144,0.389848995671527,0.0371782321463865,-0.352670763525141,0.00748987890925507,0.375274886735615,0.405087667182491,0.00585032184194384,0.0263755864586118,0.0486206080668038,0.00686847418642033,-0.366015390550809,-0.339230340215434
selected_policy,high_reporting_2020_21_n_ge_10,spearman,5469,877,0.602964531668671,0.141493329910506,0.248361158223277,0.00953789926735061,0.461471201758165,0.238823258955927,-0.222647942802238,0.00526896175176485,0.450933665003422,0.471487261275912,0.00475430652250598,0.229217330439185,0.24827755599516,0.00397519911497119,-0.230500285722899,-0.215098523506738
selected_policy,high_reporting_2020_21_n_ge_10,partial,5469,877,0.625514429496901,0.0684539431851647,0.063731177913483,-0.00211419597144166,0.557060486311736,0.0658453738849247,-0.491215112426812,0.0103029810424902,0.537401402402596,0.576995257068089,0.00786967678090962,0.0509959464930161,0.0815961827089143,0.00968880632884147,-0.509779834604378,-0.472272316059294
selected_policy,high_reporting_2020_21_n_ge_10,participation_phi,4740,856,0.241630863565201,-0.141068064267174,0.0719593675264182,-0.175482982152114,0.382698927832375,0.247442349678532,-0.135256578153843,0.0047286220037928,0.373354811513671,0.392223842561156,0.00450835824686423,0.238470132102941,0.256447279955284,0.00293472122513081,-0.141136459492604,-0.12950632091779
selected_policy,high_reporting_2020_21_n_ge_10,positive_spearman,4999,822,0.760184840011216,0.385597256196691,0.25315190162638,0.282255482127753,0.374587583814526,-0.0291035805013728,-0.403691164315899,0.00635832465275182,0.362454337309236,0.386800448340333,0.00759819305166854,-0.0433591777831539,-0.0138536687012026,0.00728162782569083,-0.417927734642245,-0.390050819578102
selected_policy,strict_revenue_95,pearson,3239,664,0.91533447727652,0.491464175145821,0.479172509728874,0.338751035522658,0.423870302130699,0.140421474206215,-0.283448827924484,0.0187976804437062,0.386387202139477,0.45837628558086,0.0185425304968159,0.105972701970994,0.179573979809959,0.0165037631509578,-0.316193002036835,-0.252392884230478
selected_policy,strict_revenue_95,spearman,3239,664,0.769949388233338,0.295314841783307,0.384923802349655,0.11947201086748,0.47463454645003,0.265451791482175,-0.209182754967855,0.015122702989853,0.445472331185544,0.503409633980405,0.0155194677892398,0.235496606299449,0.295708274414494,0.011930942648334,-0.234015794956406,-0.188571227977628
selected_policy,strict_revenue_95,partial,2516,602,0.852492394001239,0.224211847815495,0.266592488142451,0.133192228197207,0.628280546185744,0.133400259945244,-0.4948802862405,0.0289883990872037,0.571290653291077,0.686968675231385,0.028937886256639,0.0795409417000211,0.194625856199036,0.0252943625987174,-0.544013598767946,-0.448822250344256
selected_policy,strict_revenue_95,participation_phi,1921,526,0.347394460120462,-0.122784707962851,0.175347183538141,-0.157063127442013,0.470179168083313,0.332410310980154,-0.137768857103159,0.0175419890508327,0.435341836475703,0.505447827283578,0.0190662205233954,0.295389009191312,0.370860911032936,0.0111541405550971,-0.160822703785214,-0.117806540828823
selected_policy,strict_revenue_95,positive_spearman,1364,440,0.823470402717522,0.448089701034013,0.307918142904639,0.332603019161041,0.375380701683509,-0.024684876256402,-0.400065577939911,0.0176566695389905,0.340217631405803,0.409125950657922,0.0227424308078033,-0.0716338806945831,0.0200624945677992,0.0220529748299374,-0.442869822353114,-0.356788062489307
selected_policy,strict_revenue_100,pearson,270,118,0.795286663689694,0.210032729735182,0.486198680763969,0.15535006149678,0.585253933954513,0.330848619267189,-0.254405314687323,0.0841774534517045,0.42919710771982,0.751611511062401,0.085561352029215,0.16818225212321,0.505748119001545,0.0552045143443196,-0.368754610125988,-0.156779956419425
selected_policy,strict_revenue_100,spearman,270,118,0.801158755413438,0.182647450323988,0.509749778333443,0.131744838006498,0.61851130508945,0.378004940326946,-0.240506364762504,0.084294029503362,0.463430888527022,0.781343186548242,0.0852334824237931,0.219360939264639,0.55363403447332,0.0470627942803942,-0.339579486781724,-0.151120799725883
selected_policy,strict_revenue_100,partial,46,28,0.770450789968271,-0.0398136028385693,0.163977739104341,-0.0636861052002995,0.810264392806841,0.227663844304641,-0.5826005485022,0.14377318484752,0.537165778490229,1.09004109349977,0.163586230880654,-0.0402447474170988,0.60196438504669,0.156286257349466,-0.87928708133845,-0.270385453939249
selected_policy,strict_revenue_100,participation_phi,79,47,0.915069013232176,0.0935851376004592,0.745750586095854,0.0511180197880668,0.821483875631717,0.694632566307787,-0.12685130932393,0.120640474912245,0.577826151722492,1.04933219398712,0.125044010497462,0.459867073040252,0.935129959888617,0.0461684843134579,-0.225556392909444,-0.0470869043760315
selected_policy,strict_revenue_100,positive_spearman,18,15,0.836904761904762,0.519047619047619,0.272222222222222,0.233333333333333,0.317857142857143,0.0388888888888889,-0.278968253968254,0.134826486342934,0.0761309523809524,0.603571428571429,0.177270230012877,-0.281398026315789,0.410625,0.111304495423291,-0.486527777777778,-0.0378978466386555
selected_reporters_only,full,pearson,35673,922,0.720754515123516,0.247568675958567,0.168051660932761,0.207317584105296,0.473185839164949,-0.0392659231725353,-0.512451762337484,0.00896498027160208,0.455346628259121,0.491317032744211,0.00831123331759947,-0.0548059565916074,-0.0233578076206089,0.00913159965289363,-0.530361371844911,-0.495579602703922
selected_reporters_only,full,spearman,35673,922,0.691831042358575,0.184505040558782,0.132431746557738,0.128477225302589,0.507326001799793,0.00395452125514949,-0.503371480544644,0.00783877247739701,0.492903823658914,0.522942731806684,0.00771610123247345,-0.0104958758726897,0.0195950515613624,0.00816217946319282,-0.519925292038213,-0.488335453052647
selected_reporters_only,full,partial,24155,862,0.641986946103829,-0.15713678535573,-0.0931321052701865,-0.0282688307548589,0.799123731459559,-0.0648632745153275,-0.863987005974886,0.0129428798829,0.774505957804741,0.825420883765923,0.0104955880278209,-0.0851903702760478,-0.0451774021944977,0.0150684120140458,-0.896526663607065,-0.835712685105475
selected_reporters_only,full,participation_phi,1955,350,0.566916537042918,-0.0788483121666363,0.219543827304662,-0.10719163084495,0.645764849209554,0.326735458149612,-0.319029391059942,0.0226675357020335,0.605969309040396,0.694757424916663,0.0230128675821119,0.286503233264114,0.377255366076049,0.0092179047794855,-0.337824153527349,-0.301506864317787
selected_reporters_only,full,positive_spearman,22215,814,0.737455815840146,0.28755445399009,0.220494645673043,0.263403097831384,0.449901361850056,-0.0429084521583412,-0.492809814008397,0.00734328940204622,0.436884240032368,0.465875184788982,0.00715417290680683,-0.0566817128271153,-0.0289075782267947,0.00816821430131104,-0.509941734552819,-0.477849769029799
selected_reporters_only,n_ge_10,pearson,12026,624,0.78138974435527,0.312572693365759,0.243115397981411,0.282471432178781,0.468817050989511,-0.0393560341973698,-0.508173085186881,0.0107055301972745,0.448425456519099,0.490655667704245,0.00846331650761578,-0.0554582795349862,-0.022136941136547,0.0113887156699922,-0.530093380151631,-0.485151671132624
selected_reporters_only,n_ge_10,spearman,12026,624,0.759392057256169,0.205325101045839,0.185165975545361,0.143591646311696,0.55406695621033,0.0415743292336655,-0.512492626976664,0.00752356773478836,0.540043396302096,0.569439138573376,0.00676690121937044,0.0289833223437496,0.0547333874329012,0.00823931053309996,-0.529346812022464,-0.496623051285776
selected_reporters_only,n_ge_10,partial,12026,624,0.673253774758927,-0.0824412956536432,-0.0381693361538118,0.0150101365659144,0.75569507041257,-0.0531794727197262,-0.808874543132296,0.0168707393355603,0.722030847097605,0.790180942942626,0.011841571079807,-0.0753766445412166,-0.0293243859705011,0.0190912255584734,-0.845438177752105,-0.769618748883737
selected_reporters_only,n_ge_10,participation_phi,1627,270,0.514606175437126,-0.0381245045054955,0.151220419966786,-0.0717476172289836,0.552730679942622,0.222968037195769,-0.329762642746852,0.018924164643602,0.519531046980915,0.592162052544397,0.0166144462787068,0.190844415195995,0.257478024290919,0.00883980627151103,-0.347870497794719,-0.314200293695915
selected_reporters_only,n_ge_10,positive_spearman,11911,621,0.772689955196652,0.298010584509947,0.242573488193233,0.274397833462357,0.474679370686705,-0.0318243452691238,-0.506503715955828,0.00723620492158185,0.461321872017383,0.488747812440695,0.00712056453483354,-0.04538195954646,-0.0177659141022707,0.00846923599695404,-0.523035623826251,-0.489264557140394
selected_reporters_only,years_2020_21,pearson,8938,918,0.739173152476283,0.27773791171942,0.220909468576668,0.164856163460821,0.461435240756863,0.0560533051158468,-0.405381935641016,0.00857278338974274,0.445090338801298,0.478637660771261,0.00844189722428722,0.0393806494280413,0.072376462447165,0.00880854435578402,-0.422047013500455,-0.388307709974578
selected_reporters_only,years_2020_21,spearman,8938,918,0.70484547598396,0.195878529367101,0.174946568073018,0.0630986771292266,0.508966946616859,0.111847890943791,-0.397119055673068,0.00805394690018043,0.49336180637832,0.525151017475699,0.00846357369949737,0.095073746435735,0.128179397775386,0.00809690986445154,-0.412663099944329,-0.381190331975119
selected_reporters_only,years_2020_21,partial,6535,853,0.622781735196517,-0.10914760655301,-0.0569883656816948,-0.0782894446644089,0.731929341749527,0.021301078982714,-0.710628262766813,0.0119035525825052,0.709681682034578,0.756609360125413,0.0106457884652208,0.000792055490420668,0.0428581387833274,0.01398241283515,-0.73792097490677,-0.682416380694335
selected_reporters_only,years_2020_21,participation_phi,907,300,0.54592395162383,-0.0694527298753327,0.202041150809514,-0.123368598798918,0.615376681499163,0.325409749608432,-0.289966931890731,0.0207731693975119,0.579210945244778,0.660099221030569,0.0205235357467855,0.288853900514852,0.36760620409037,0.00892824693248076,-0.307665183547469,-0.273105917855019
selected_reporters_only,years_2020_21,positive_spearman,5862,795,0.752623560932558,0.298132364840787,0.271518518031546,0.211192793753529,0.45449119609177,0.0603257242780171,-0.394165471813753,0.00695384481150762,0.440964998709061,0.467980771112101,0.00810835407737071,0.0452495310811189,0.077105688676411,0.00853901589309173,-0.411035107890536,-0.37804101948871
selected_reporters_only,high_reporting_2020_21,pearson,8938,918,0.739173152476283,0.27773791171942,0.220909468576668,0.164856163460821,0.461435240756863,0.0560533051158468,-0.405381935641016,0.00857278338974274,0.445090338801298,0.478637660771261,0.00844189722428722,0.0393806494280413,0.072376462447165,0.00880854435578402,-0.422047013500455,-0.388307709974578
selected_reporters_only,high_reporting_2020_21,spearman,8938,918,0.70484547598396,0.195878529367101,0.174946568073018,0.0630986771292266,0.508966946616859,0.111847890943791,-0.397119055673068,0.00805394690018043,0.49336180637832,0.525151017475699,0.00846357369949737,0.095073746435735,0.128179397775386,0.00809690986445154,-0.412663099944329,-0.381190331975119
selected_reporters_only,high_reporting_2020_21,partial,6535,853,0.622781735196517,-0.10914760655301,-0.0569883656816948,-0.0782894446644089,0.731929341749527,0.021301078982714,-0.710628262766813,0.0119035525825052,0.709681682034578,0.756609360125413,0.0106457884652208,0.000792055490420668,0.0428581387833274,0.01398241283515,-0.73792097490677,-0.682416380694335
selected_reporters_only,high_reporting_2020_21,participation_phi,907,300,0.54592395162383,-0.0694527298753327,0.202041150809514,-0.123368598798918,0.615376681499163,0.325409749608432,-0.289966931890731,0.0207731693975119,0.579210945244778,0.660099221030569,0.0205235357467855,0.288853900514852,0.36760620409037,0.00892824693248076,-0.307665183547469,-0.273105917855019
selected_reporters_only,high_reporting_2020_21,positive_spearman,5862,795,0.752623560932558,0.298132364840787,0.271518518031546,0.211192793753529,0.45449119609177,0.0603257242780171,-0.394165471813753,0.00695384481150762,0.440964998709061,0.467980771112101,0.00810835407737071,0.0452495310811189,0.077105688676411,0.00853901589309173,-0.411035107890536,-0.37804101948871
selected_reporters_only,high_reporting_2020_21_n_ge_10,pearson,3587,618,0.793012407128309,0.335369594094873,0.287088437177474,0.239399458842423,0.457642813033435,0.0476889783350512,-0.409953834698384,0.00902197392754319,0.440718205067107,0.476575762934678,0.00734528569062275,0.0341998812696473,0.0614675075708055,0.00989295756433997,-0.429845923648154,-0.391196722269952
selected_reporters_only,high_reporting_2020_21_n_ge_10,spearman,3587,618,0.76384568269861,0.204008288447345,0.222718358011582,0.0706531606950637,0.559837394251265,0.152065197316518,-0.407772196934747,0.00664767943144156,0.547119016805485,0.573299755273866,0.00659285044275335,0.139368052411899,0.165091946023664,0.00815362485526095,-0.424315449616034,-0.393115884941247
selected_reporters_only,high_reporting_2020_21_n_ge_10,partial,3587,618,0.667149000382283,-0.0306879832044735,-0.00115466053949906,-0.0294701026084569,0.697836983586757,0.0283154420689579,-0.669521541517799,0.0141255205497756,0.671979086939013,0.728044276722251,0.0106628305424299,0.00709136348354133,0.0481864157637298,0.0161692121152928,-0.701661667568233,-0.639783015675092
selected_reporters_only,high_reporting_2020_21_n_ge_10,participation_phi,772,242,0.504750066584928,-0.0415923272486669,0.14643575124,-0.0984475187640502,0.546342393833595,0.24488327000405,-0.301459123829544,0.0181243137578042,0.51064188830368,0.58246806197754,0.0153927886489292,0.21588462835884,0.274551345480335,0.00883400096732916,-0.319070756928055,-0.285600995980315
selected_reporters_only,high_reporting_2020_21_n_ge_10,positive_spearman,3556,616,0.777893373811765,0.302536094896842,0.287529440326611,0.212814627990042,0.475357278914924,0.074714812336569,-0.400642466578354,0.00659974839264433,0.46333104471999,0.488952095190305,0.00770458164981499,0.0596338449701352,0.08988722134466,0.00913467559001517,-0.420195133962128,-0.383053288427825
selected_reporters_only,strict_revenue_95,pearson,35177,922,0.720011677999288,0.24837056743908,0.168235958338983,0.208433941226548,0.471641110560208,-0.0401979828875647,-0.511839093447773,0.00901791470868913,0.453867152498531,0.489973588772289,0.00838583323196095,-0.056021495664888,-0.0243419641910183,0.00919324558868455,-0.529786225262409,-0.494953580515372
selected_reporters_only,strict_revenue_95,spearman,35177,922,0.691270546312081,0.185232571728119,0.132592615665801,0.129427886592923,0.506037974583962,0.00316472907287834,-0.502873245511084,0.00790851755896222,0.491317605319185,0.521675250737251,0.00779268061077381,-0.0114308704309414,0.0186816854274446,0.00822822268841621,-0.519523170687247,-0.487442830138551
selected_reporters_only,strict_revenue_95,partial,23746,862,0.641888834072142,-0.154978667646754,-0.0920508062061291,-0.0262438984232199,0.796867501718896,-0.0658069077829092,-0.862674409501805,0.0130298841112651,0.772072521064643,0.823294323704519,0.0105542156375506,-0.0860935895978823,-0.0466624843145916,0.0151325161496948,-0.89570236536987,-0.834911397980697
selected_reporters_only,strict_revenue_95,participation_phi,1920,346,0.566696719669211,-0.0795140666691228,0.219905324543391,-0.107207383949439,0.646210786338334,0.32711270849283,-0.319098077845504,0.0236827932467072,0.602601195382938,0.699115555069912,0.0240941934749711,0.283249730454201,0.376302350050206,0.00889385068508753,-0.336604793719995,-0.301717350935132
selected_reporters_only,strict_revenue_95,positive_spearman,21829,814,0.73713444210044,0.289296704164559,0.220792473213062,0.265437515591191,0.447837737935881,-0.0446450423781285,-0.49248278031401,0.0073814029304253,0.434649087763785,0.463765904385517,0.00718824931655581,-0.0584546879423378,-0.0303412069981406,0.00821189412912445,-0.509582308033067,-0.477541438802781
selected_reporters_only,strict_revenue_100,pearson,33676,922,0.716997480249147,0.244945410551771,0.1625970665822,0.204964891159914,0.472052069697376,-0.0423678245777146,-0.514419894275091,0.00926447403639733,0.453792250572308,0.490533448891192,0.00869418328613479,-0.0589899838700031,-0.0258640284375802,0.00939431221751511,-0.532657454016556,-0.497196523262578
selected_reporters_only,strict_revenue_100,spearman,33676,922,0.687399286443352,0.184000515458459,0.127656055607803,0.129126657414502,0.503398770984892,-0.00147060180669894,-0.504869372791591,0.00821920980237483,0.488140607723177,0.519914938245716,0.00804500601679778,-0.0165191185746862,0.0144431250247948,0.00846982194140485,-0.522434705359838,-0.488905688767658
selected_reporters_only,strict_revenue_100,partial,22256,862,0.638026956837209,-0.167856350788945,-0.10324151736382,-0.0329153684008644,0.805883307626154,-0.0703261489629553,-0.876209456589109,0.0130638137026714,0.779995403818242,0.832599979192015,0.0110760312480576,-0.0918197471913671,-0.0499942881006763,0.0150906273894251,-0.907925595929352,-0.848501292542779
selected_reporters_only,strict_revenue_100,participation_phi,1434,342,0.633239576382131,-0.0998307986543181,0.285123119968986,-0.118400749528271,0.733070375036449,0.403523869497256,-0.329546505539193,0.0219039179351848,0.689253575353358,0.777329546823678,0.0239281538910684,0.356767090830871,0.45130774370294,0.0114842951081065,-0.351311460708191,-0.307800732223722
selected_reporters_only,strict_revenue_100,positive_spearman,20358,813,0.733460777545812,0.287870217892333,0.215488032935787,0.265311602178561,0.445590559653478,-0.0498235692427737,-0.495414128896252,0.00778533246715649,0.429812330014519,0.461569774597122,0.00730507702981832,-0.0641452209176512,-0.0354200950898116,0.00858591480405327,-0.512356036670794,-0.479308386574051
