scenario,ntee_broad_clean,side,N_markets,N_active,mean_hhi,median_hhi,sd_hhi
original_rows,A_Arts,private,9006,8967,0.376662673114774,0.290185891308501,0.277963150980727
selected_policy,A_Arts,private,9006,8962,0.379495983727475,0.293371384064192,0.278386652184612
selected_reporters_only,A_Arts,private,6560,6482,0.587233787475468,0.531476951893518,0.323070064660309
original_rows,B_Education,private,9214,9186,0.46163794182588,0.406833086487371,0.273755514376841
selected_policy,B_Education,private,9214,9186,0.465471216679416,0.414772282907148,0.273669945879401
selected_reporters_only,B_Education,private,7010,6737,0.684666274920001,0.733774655972697,0.298629453031332
original_rows,CD_Environment_Animals,private,8758,8709,0.473232717948411,0.401346660235697,0.301923559642449
selected_policy,CD_Environment_Animals,private,8758,8708,0.476997960576367,0.407659608583104,0.301545049828446
selected_reporters_only,CD_Environment_Animals,private,5392,5222,0.717683619253089,0.813211345987844,0.297550758219204
original_rows,EFGH_Health,private,9195,9073,0.417643669465201,0.350893753567782,0.271868521805011
selected_policy,EFGH_Health,private,9195,9073,0.421001636986304,0.354747243394488,0.271809133698268
selected_reporters_only,EFGH_Health,private,7727,7371,0.617347403904369,0.580550601884973,0.306792892957249
original_rows,IJKLMNOP_Human_Services,private,9361,9350,0.187615908804802,0.137839789949195,0.163147230778168
selected_policy,IJKLMNOP_Human_Services,private,9361,9347,0.189374394113769,0.139446329066987,0.163678776250458
selected_reporters_only,IJKLMNOP_Human_Services,private,9066,8967,0.423678265330943,0.348993622939074,0.277775376845771
original_rows,Q_International,private,5706,5579,0.656640462454371,0.65623371837098,0.320511729724171
selected_policy,Q_International,private,5706,5579,0.660960487810573,0.66813725546329,0.319600314973913
original_rows,RSTUVW_Public_Benefit,private,9330,9310,0.300803841655916,0.250999806086929,0.192658179732747
selected_policy,RSTUVW_Public_Benefit,private,9330,9309,0.303840201180878,0.25336429309737,0.193410956368353
selected_reporters_only,RSTUVW_Public_Benefit,private,7970,7546,0.642599996262668,0.615529014950563,0.286557780342098
original_rows,X_Religion,private,8602,8483,0.481491177414474,0.40708956459501,0.314805377654524
selected_policy,X_Religion,private,8602,8483,0.484538547502576,0.41235522714603,0.314899791565955
original_rows,Y_Mutual_Benefit,private,8317,7820,0.569241704469716,0.516857267074995,0.300373592987311
selected_policy,Y_Mutual_Benefit,private,8317,7819,0.571468320258954,0.520434380523339,0.300273118622022
selected_reporters_only,Y_Mutual_Benefit,private,1684,1303,0.881647326868962,1,0.212232578116883
selected_reporters_only,X_Religion,private,2964,2720,0.75608562147793,0.99046297428823,0.292941832916203
selected_reporters_only,Q_International,private,1552,1462,0.789998337579476,0.987532511106572,0.271523863787139
original_rows,A_Arts,public,9006,6530,0.60168505117976,0.55649196945556,0.318074968445781
selected_policy,A_Arts,public,9006,6525,0.6065194857923,0.56288362331129,0.317057958018415
selected_reporters_only,A_Arts,public,6560,6530,0.606309106616068,0.562775372293133,0.317045864268699
original_rows,B_Education,public,9214,6897,0.626463274972755,0.608337597712111,0.319913263736242
selected_policy,B_Education,public,9214,6896,0.632612077578311,0.620721814238392,0.319056221106855
selected_reporters_only,B_Education,public,7010,6896,0.632612077578311,0.620721814238392,0.319056221106855
original_rows,CD_Environment_Animals,public,8758,5299,0.716810881221107,0.799101853418043,0.294884482743123
selected_policy,CD_Environment_Animals,public,8758,5296,0.723408481955643,0.816782097119941,0.292055776303273
selected_reporters_only,CD_Environment_Animals,public,5392,5297,0.723460698591106,0.8169418758222,0.292052928938481
original_rows,EFGH_Health,public,9195,7694,0.602490655626373,0.562235395667269,0.31544507572587
selected_policy,EFGH_Health,public,9195,7693,0.608048085402622,0.571478265697603,0.314593030442481
selected_reporters_only,EFGH_Health,public,7727,7693,0.608048085402622,0.571478265697603,0.314593030442481
original_rows,IJKLMNOP_Human_Services,public,9361,9056,0.42032360589696,0.357014434522574,0.278234879942205
selected_policy,IJKLMNOP_Human_Services,public,9361,9052,0.424877529607049,0.363925411185118,0.278366760219866
selected_reporters_only,IJKLMNOP_Human_Services,public,9066,9055,0.424775842916157,0.363904283301446,0.278387911509966
original_rows,Q_International,public,5706,1300,0.809643510701327,0.997913274870963,0.256086868155733
selected_policy,Q_International,public,5706,1296,0.817044549689855,1,0.251959703899015
original_rows,RSTUVW_Public_Benefit,public,9330,7906,0.619981516986308,0.588998732262396,0.293621075216548
selected_policy,RSTUVW_Public_Benefit,public,9330,7903,0.625576796027236,0.600567726099836,0.29243966596675
selected_reporters_only,RSTUVW_Public_Benefit,public,7970,7904,0.625526529894491,0.600559584711182,0.292455309087549
original_rows,X_Religion,public,8602,2575,0.789160195984767,1,0.273220129352096
selected_policy,X_Religion,public,8602,2574,0.795582691014807,1,0.269990713878239
original_rows,Y_Mutual_Benefit,public,8317,1341,0.886474607957016,1,0.21252634156126
selected_policy,Y_Mutual_Benefit,public,8317,1340,0.89220300322904,1,0.207336234564636
selected_reporters_only,Y_Mutual_Benefit,public,1684,1341,0.891736583184419,1,0.207961450132921
selected_reporters_only,X_Religion,public,2964,2574,0.795582691014807,1,0.269990713878239
selected_reporters_only,Q_International,public,1552,1296,0.817044549689855,1,0.251959703899015
original_rows,A_Arts,client,9006,8566,0.444180416559768,0.367535456833827,0.304988286846172
selected_policy,A_Arts,client,9006,8566,0.447178013903974,0.371227084137907,0.305035696674995
selected_reporters_only,A_Arts,client,6560,6147,0.614112012346694,0.570747844601809,0.323076853720331
original_rows,B_Education,client,9214,8755,0.546375491488513,0.503153779615098,0.299580111662245
selected_policy,B_Education,client,9214,8755,0.551678282038884,0.507967938202757,0.299442417197396
selected_reporters_only,B_Education,client,7010,6382,0.718394964458533,0.812726068526858,0.290218873490344
original_rows,CD_Environment_Animals,client,8758,8122,0.579357381942633,0.531592084231311,0.307229081379995
selected_policy,CD_Environment_Animals,client,8758,8122,0.583404923366067,0.538024591021025,0.306267469840645
selected_reporters_only,CD_Environment_Animals,client,5392,4758,0.765534583011702,0.920371009840187,0.271342997855024
original_rows,EFGH_Health,client,9195,8804,0.614254912618094,0.602307717494948,0.288004603994791
selected_policy,EFGH_Health,client,9195,8804,0.619543778430556,0.60936781294938,0.286453066489186
selected_reporters_only,EFGH_Health,client,7727,7313,0.720671410755234,0.794901624310892,0.278713281533804
original_rows,IJKLMNOP_Human_Services,client,9361,9318,0.274638325866208,0.212603309040563,0.21086450199043
selected_policy,IJKLMNOP_Human_Services,client,9361,9318,0.277358402383064,0.215985259366085,0.211729484100313
selected_reporters_only,IJKLMNOP_Human_Services,client,9066,8680,0.501194634981438,0.443400491429224,0.293644310670498
original_rows,Q_International,client,5706,3148,0.756905360778914,0.970944953321106,0.299120983684713
selected_policy,Q_International,client,5706,3148,0.762546620623472,0.97597095993796,0.296359361143784
original_rows,RSTUVW_Public_Benefit,client,9330,9245,0.502861737817017,0.445414446716425,0.299825026542652
selected_policy,RSTUVW_Public_Benefit,client,9330,9245,0.506460764794687,0.451157886127415,0.300025259195621
selected_reporters_only,RSTUVW_Public_Benefit,client,7970,7063,0.674396331866672,0.689523657713584,0.295841492569187
original_rows,X_Religion,client,8602,6491,0.659473473457244,0.675190295364991,0.307490698963657
selected_policy,X_Religion,client,8602,6491,0.66345736761353,0.683012877159077,0.306452817820227
original_rows,Y_Mutual_Benefit,client,8317,7099,0.700230017549762,0.778295681289224,0.294428497007043
selected_policy,Y_Mutual_Benefit,client,8317,7099,0.703065187782885,0.784425332194458,0.293596907502582
selected_reporters_only,Y_Mutual_Benefit,client,1684,1087,0.913216601437413,1,0.177618795075473
selected_reporters_only,X_Religion,client,2964,2148,0.816611334909451,1,0.258470078239211
selected_reporters_only,Q_International,client,1552,1020,0.829731505041503,1,0.252375637968751
