scenario,size,side,N_markets,N_active,mean_hhi,median_hhi,sd_hhi
original_rows,3-4,private,9037,8977,0.60322842394663,0.550835888444219,0.205553674564284
selected_policy,3-4,private,9063,9005,0.604907590232056,0.553965048397979,0.205053644967091
selected_reporters_only,1,private,12697,10820,1,1,0
original_rows,10-24,private,17768,17768,0.323285200971589,0.265498106999646,0.187370755678335
selected_policy,10-24,private,17742,17739,0.325739710805879,0.268164258731776,0.188434008122938
selected_reporters_only,3-4,private,8718,8676,0.627173130366296,0.582357615280601,0.210505800098077
selected_reporters_only,2,private,7601,7405,0.791384828397881,0.827901191900576,0.188708947190325
selected_reporters_only,5-9,private,8875,8875,0.473985730275654,0.425026357375926,0.204220240756217
original_rows,5-9,private,14238,14229,0.449002821806729,0.394971723416833,0.200094443241135
selected_policy,5-9,private,14292,14284,0.450802757625734,0.396636319691876,0.200396066354393
original_rows,25+,private,24246,24246,0.195130281299989,0.14100029107872,0.166702943228526
selected_policy,25+,private,24097,24089,0.197517540984508,0.1428794935199,0.168277716305484
original_rows,1,private,6590,5807,1,1,0
selected_policy,1,private,6627,5837,1,1,0
original_rows,2,private,5610,5450,0.770009459214344,0.778220354568709,0.191132127328967
selected_policy,2,private,5668,5512,0.77199423649674,0.782870430564449,0.190522022047621
selected_reporters_only,10-24,private,6724,6724,0.32832426353577,0.271922708005527,0.182663008773284
selected_reporters_only,25+,private,5310,5310,0.224090912393145,0.173602133496848,0.164707912200909
original_rows,3-4,public,9037,2793,0.921001681140558,1,0.164629990735916
selected_policy,3-4,public,9063,2830,0.923603811549445,1,0.160993472335031
selected_reporters_only,1,public,12697,11529,1,1,0
original_rows,10-24,public,17768,13745,0.703427273651697,0.70618269698368,0.256507532474429
selected_policy,10-24,public,17742,13747,0.707829834383771,0.714360610988321,0.254290968727269
selected_reporters_only,3-4,public,8718,8681,0.613362112362795,0.568639953541861,0.200252605956777
selected_reporters_only,2,public,7601,7470,0.770605482304886,0.788171817093764,0.18214528521769
selected_reporters_only,5-9,public,8875,8873,0.467842099376968,0.42381137694441,0.198034889522026
original_rows,5-9,public,14238,7383,0.843906124758836,1,0.213523343271861
selected_policy,5-9,public,14292,7440,0.849117898815945,1,0.209422513910607
original_rows,25+,public,24246,23138,0.418403533603063,0.3473371813066,0.275457000067807
selected_policy,25+,public,24097,22995,0.422739331259061,0.35331408350394,0.276010212337437
original_rows,1,public,6590,561,1,1,0
selected_policy,1,public,6627,568,1,1,0
original_rows,2,public,5610,978,0.972934632351788,1,0.101045687226766
selected_policy,2,public,5668,995,0.975327224287648,1,0.0945731279424971
selected_reporters_only,10-24,public,6724,6723,0.323104783280892,0.275610707683996,0.174048225116978
selected_reporters_only,25+,public,5310,5310,0.186667802189555,0.137462112687339,0.158570671101348
original_rows,3-4,client,9037,7602,0.819949426825072,0.937651302764411,0.209332713702977
selected_policy,3-4,client,9063,7639,0.823059852664412,0.940283399623994,0.206884997899503
selected_reporters_only,1,client,12697,8609,1,1,0
original_rows,10-24,client,17768,17710,0.513450205497593,0.457906755928606,0.256039563652263
selected_policy,10-24,client,17742,17685,0.516602855515381,0.462455995483199,0.255971547333951
selected_reporters_only,3-4,client,8718,8416,0.730796734383978,0.742023764148216,0.221136538652218
selected_reporters_only,2,client,7601,6722,0.867715071542209,0.991388903594403,0.177774632505326
selected_reporters_only,5-9,client,8875,8824,0.581759335970471,0.531881441423296,0.234648082328829
original_rows,5-9,client,14238,13625,0.677105908391558,0.661610438718383,0.244724463442844
selected_policy,5-9,client,14292,13690,0.679662738432641,0.666257373764444,0.243735352545133
original_rows,25+,client,24246,24244,0.284962958085545,0.217326590527878,0.215165976326118
selected_policy,25+,client,24097,24095,0.287694868169642,0.219717755098365,0.216181690912912
original_rows,1,client,6590,2680,1,1,0
selected_policy,1,client,6627,2698,1,1,0
original_rows,2,client,5610,3687,0.923105266173472,1,0.151882831247778
selected_policy,2,client,5668,3741,0.924885232332378,1,0.14961717440164
selected_reporters_only,10-24,client,6724,6720,0.429462826190425,0.375870585349253,0.21528583116873
selected_reporters_only,25+,client,5310,5307,0.257684308971225,0.206755222835723,0.181262122608811
