scenario,TAXYEAR,side,N_markets,N_active,mean_hhi,median_hhi,sd_hhi
original_rows,2012,private,7742,7663,0.424506652279437,0.339881251279722,0.298792919419484
selected_policy,2012,private,7742,7663,0.425660461503444,0.341458451055052,0.298837774446264
original_rows,2013,private,7738,7654,0.423299313710341,0.339106828684196,0.298240587040453
selected_policy,2013,private,7738,7653,0.424821745323572,0.341243571093067,0.298454111046889
original_rows,2014,private,7746,7644,0.423451859605543,0.340518588623372,0.297989579296523
selected_policy,2014,private,7746,7644,0.425018671931666,0.341893724887479,0.298080892930638
selected_reporters_only,2014,private,4678,4461,0.647589289814935,0.643406098981164,0.309348048926912
original_rows,2015,private,7765,7669,0.421526100949246,0.33679265639382,0.299233809594685
selected_policy,2015,private,7765,7668,0.423347762563079,0.338467955507163,0.299350642844002
original_rows,2016,private,7742,7637,0.420439141152055,0.334859108436498,0.297751843971497
selected_policy,2016,private,7742,7637,0.421830464179927,0.336697520196559,0.29764922421947
selected_reporters_only,2016,private,4776,4557,0.632316591065064,0.609196173178034,0.313105298577429
original_rows,2017,private,7753,7644,0.416687900632173,0.332867217616637,0.296632618290178
selected_policy,2017,private,7753,7643,0.422997602249414,0.340604958054113,0.296551591254011
selected_reporters_only,2017,private,4840,4628,0.62959202643,0.596382472244449,0.313946707379318
original_rows,2018,private,7762,7660,0.41615802757516,0.331739223780377,0.296241123304641
selected_policy,2018,private,7762,7659,0.423157116081661,0.339640578098659,0.297356658478477
selected_reporters_only,2018,private,4922,4700,0.626388478438004,0.59865952039638,0.314801465932609
original_rows,2019,private,7759,7649,0.420351247543248,0.34042101167081,0.296005766279909
selected_policy,2019,private,7759,7647,0.42285772901424,0.343183862966851,0.29614264164972
selected_reporters_only,2019,private,5163,4942,0.617235857425554,0.58712139567426,0.315710423745414
original_rows,2020,private,7750,7639,0.427741072666644,0.345488467903191,0.297922177987725
selected_policy,2020,private,7750,7638,0.431913954741197,0.34903346237542,0.298220861932157
selected_reporters_only,2020,private,5900,5723,0.571541236637991,0.520510886221034,0.319305643177348
original_rows,2021,private,7732,7618,0.427116059265141,0.346655389371943,0.296827295310515
selected_policy,2021,private,7732,7614,0.430643028653334,0.349914304340014,0.2970472295108
selected_reporters_only,2012,private,4444,4228,0.658084516475923,0.658320509106413,0.308044235961086
selected_reporters_only,2013,private,4591,4372,0.653594784150837,0.651516856669506,0.30850327216438
selected_reporters_only,2015,private,4720,4494,0.639307974144422,0.624686458731584,0.312223896881801
selected_reporters_only,2021,private,5891,5705,0.572017359437204,0.524511416273606,0.321678975092031
original_rows,2012,public,7742,4347,0.64735912088374,0.639511373739707,0.313059236843264
selected_policy,2012,public,7742,4346,0.650745924292139,0.649304190107809,0.312184829099361
original_rows,2013,public,7738,4486,0.640814434160859,0.623643414370563,0.314027255511661
selected_policy,2013,public,7738,4485,0.643693599548831,0.629555877809942,0.313308582676286
original_rows,2014,public,7746,4563,0.62869953018556,0.609123672380109,0.315661886749148
selected_policy,2014,public,7746,4563,0.63179520665464,0.613577313318638,0.314951256327515
selected_reporters_only,2014,public,4678,4563,0.63179520665464,0.613577313318638,0.314951256327515
original_rows,2015,public,7765,4619,0.625131836277458,0.609156042596672,0.317736498316398
selected_policy,2015,public,7765,4616,0.627984582768979,0.617755267643946,0.316702143940718
original_rows,2016,public,7742,4675,0.621951651676018,0.600426381066868,0.31781904980788
selected_policy,2016,public,7742,4675,0.625016777274678,0.607524761991515,0.317139729858841
selected_reporters_only,2016,public,4776,4675,0.625016777274678,0.607524761991515,0.317139729858841
original_rows,2017,public,7753,4750,0.60917266131896,0.569180056645888,0.319537257011793
selected_policy,2017,public,7753,4746,0.625395955828225,0.606379534543862,0.316352695697341
selected_reporters_only,2017,public,4840,4747,0.625295233660131,0.606083692521638,0.316395479029783
original_rows,2018,public,7762,4810,0.617134984253366,0.585289809017543,0.31746824247652
selected_policy,2018,public,7762,4807,0.62492874179539,0.601276801324244,0.317112123480282
selected_reporters_only,2018,public,4922,4808,0.624866459595929,0.601154256813837,0.317108545966763
original_rows,2019,public,7759,5012,0.607142344541221,0.572237812521879,0.318554293859953
selected_policy,2019,public,7759,5010,0.611785095136932,0.580290493091659,0.317784313483648
selected_reporters_only,2019,public,5163,5012,0.611709433548056,0.580042664865093,0.317751270806801
original_rows,2020,public,7750,5692,0.564119612143738,0.516089225748853,0.319767647278636
selected_policy,2020,public,7750,5691,0.570239814084401,0.523636392143335,0.319262733370312
selected_reporters_only,2020,public,5900,5692,0.570140961016758,0.523633897753198,0.319321787907239
original_rows,2021,public,7732,5644,0.566352287988828,0.518794221214715,0.321116657794508
selected_policy,2021,public,7732,5636,0.571319205841028,0.526310971872151,0.320857655078013
selected_reporters_only,2012,public,4444,4346,0.650745924292139,0.649304190107809,0.312184829099361
selected_reporters_only,2013,public,4591,4486,0.643773025852988,0.629676118323894,0.313318817318482
selected_reporters_only,2015,public,4720,4617,0.62791603889114,0.617674873698138,0.316702085617657
selected_reporters_only,2021,public,5891,5640,0.571068536955293,0.526146732239893,0.320896036054437
original_rows,2012,client,7742,6921,0.539205039479286,0.499846630257503,0.318120021502219
selected_policy,2012,client,7742,6921,0.540999593582955,0.500434879703651,0.318023653525976
original_rows,2013,client,7738,6916,0.537269006585602,0.492618801684015,0.317592175528726
selected_policy,2013,client,7738,6916,0.539200588611905,0.495450031518545,0.317414200368651
original_rows,2014,client,7746,6953,0.539982590502994,0.496613766390129,0.319484835865838
selected_policy,2014,client,7746,6953,0.542404195601479,0.5,0.319443966750464
selected_reporters_only,2014,client,4678,4165,0.689927647256625,0.737388813651007,0.301153576448774
original_rows,2015,client,7765,6953,0.538761872789769,0.490234719424018,0.319694438332104
selected_policy,2015,client,7765,6953,0.540817138539731,0.493451357521277,0.319665879794941
original_rows,2016,client,7742,6983,0.539814156593482,0.4964267221063,0.320022893670967
selected_policy,2016,client,7742,6983,0.54143303101422,0.498774135540984,0.319533606323975
selected_reporters_only,2016,client,4776,4257,0.680942945726307,0.708614715469806,0.30334894695598
original_rows,2017,client,7753,6983,0.531467065215749,0.48036565445916,0.32070670266537
selected_policy,2017,client,7753,6983,0.540934499635868,0.494903031656609,0.319815216356301
selected_reporters_only,2017,client,4840,4331,0.680381731361978,0.722699145069663,0.304300382579115
original_rows,2018,client,7762,6990,0.533705912619139,0.486474990268835,0.318745359849735
selected_policy,2018,client,7762,6990,0.541780900853963,0.499629890066055,0.318722250145702
selected_reporters_only,2018,client,4922,4374,0.675991006961293,0.704916951205826,0.303332588958321
original_rows,2019,client,7759,6986,0.540980174941188,0.496193228678031,0.317887682521507
selected_policy,2019,client,7759,6986,0.543965401178227,0.500233515914541,0.317533434677187
selected_reporters_only,2019,client,5163,4605,0.670074427606175,0.690132821941159,0.305831389678192
original_rows,2020,client,7750,6923,0.553104297874473,0.509129666954273,0.317484196487156
selected_policy,2020,client,7750,6923,0.558119705602513,0.516726787188897,0.316938733482376
selected_reporters_only,2020,client,5900,5331,0.631943273801598,0.611598699348658,0.312928241802726
original_rows,2021,client,7732,6940,0.544130737413052,0.5,0.317615223861828
selected_policy,2021,client,7732,6940,0.548102123027567,0.502273962486919,0.317693233270377
selected_reporters_only,2012,client,4444,3962,0.701706941170872,0.764351315660487,0.297994834158184
selected_reporters_only,2013,client,4591,4094,0.700110195732835,0.766587446409887,0.30012099371297
selected_reporters_only,2015,client,4720,4190,0.685146197536986,0.734174930612669,0.302536422281552
selected_reporters_only,2021,client,5891,5289,0.62989819859058,0.611540827103741,0.316563945797806
