scenario,side,N_markets,N_active,mean_hhi,median_hhi,sd_hhi
original_rows,private,77489,76477,0.422125011666746,0.339155159403016,0.297571801042948
selected_policy,private,77489,76466,0.425221516050231,0.342289865379985,0.297771663128374
selected_reporters_only,private,49925,47810,0.621747692582364,0.590454492250934,0.315545841828851
original_rows,public,77489,48598,0.610417620515461,0.575834548300246,0.318818281344062
selected_policy,public,77489,48575,0.615977646888679,0.587516075528439,0.317875882466689
selected_reporters_only,public,49925,48586,0.615910383353944,0.587450408561344,0.317894917841765
original_rows,client,77489,69548,0.539830875886137,0.49550304689495,0.318768114649827
selected_policy,client,77489,69548,0.543769225659095,0.500313208209939,0.318505759391086
selected_reporters_only,client,49925,44598,0.672207974074974,0.698737284786683,0.306383568325745
