model,term,estimate,se,statistic,p,ci_low,ci_high,estimated_N,fixed_effects
selected_policy__common_coupling__net_active_joint__joint,lag_hhi_client,-0.00445859960984629,0.00255535835289079,-1.74480405255193,0.0813503672307174,-0.00947355772815515,0.000556358508462571,41599,CBSA + ntee_broad_clean + TAXYEAR
selected_policy__common_coupling__net_active_joint__joint,lag_hhi_private,0.00529465539028384,0.00333436398667179,1.58790564300952,0.112648677289492,-0.00124912181632191,0.0118384325968896,41599,CBSA + ntee_broad_clean + TAXYEAR
selected_policy__common_coupling__net_active_joint__joint,lag_hhi_public,-0.0138437764498402,0.00227421950376017,-6.08726485150227,1.67967209830186e-09,-0.0183069921668437,-0.00938056073283669,41599,CBSA + ntee_broad_clean + TAXYEAR
selected_policy__common_coupling__net_active_joint__joint,lag_private_public_coupling,-0.00377222501273471,0.0019426523121876,-1.94179112189501,0.0524650604998389,-0.00758473137726692,4.02813517975074e-05,41599,CBSA + ntee_broad_clean + TAXYEAR
selected_policy__full__net_active_joint__HHI_only,lag_hhi_client,-0.00334925496203258,0.00257247703068014,-1.3019571883785,0.193253049013854,-0.00839778057977515,0.00169927065570999,41896,CBSA + ntee_broad_clean + TAXYEAR
selected_policy__full__net_active_joint__HHI_only,lag_hhi_private,0.0106652025992311,0.00361396436872223,2.95110895158105,0.00324573868205815,0.00357274211095255,0.0177576630875097,41896,CBSA + ntee_broad_clean + TAXYEAR
selected_policy__full__net_active_joint__HHI_only,lag_hhi_public,-0.0154534553118526,0.00236291730406468,-6.53998990369642,1.01326040263944e-10,-0.0200907167528318,-0.0108161938708733,41896,CBSA + ntee_broad_clean + TAXYEAR
selected_policy__full__net_activity_indicators__CBSA_sector_FE,lag_hhi_client,-0.027333900071927,0.00844053406434642,-3.23840883332109,0.00124427878508302,-0.0438984624136234,-0.0107693377302306,67886,CBSA^ntee_broad_clean + TAXYEAR
selected_policy__full__net_activity_indicators__CBSA_sector_FE,lag_hhi_private,0.0167822016558286,0.00743057605567652,2.25853305720598,0.0241419340067415,0.0021996836100939,0.0313647197015634,67886,CBSA^ntee_broad_clean + TAXYEAR
selected_policy__full__net_activity_indicators__CBSA_sector_FE,lag_hhi_public,-0.0185830409130585,0.00415492828251087,-4.47252988487892,8.67862969627341e-06,-0.0267370946774583,-0.0104289871486587,67886,CBSA^ntee_broad_clean + TAXYEAR
selected_policy__full__net_activity_indicators__HHI_only,lag_hhi_client,-0.0204162633885368,0.00306446392962352,-6.66226258732471,4.59516936277458e-11,-0.0264302790206222,-0.0144022477564514,67950,CBSA + ntee_broad_clean + TAXYEAR
selected_policy__full__net_activity_indicators__HHI_only,lag_hhi_private,0.0469917276816558,0.0041079822453708,11.4391262850782,1.87340122929074e-28,0.0389298055943482,0.0550536497689634,67950,CBSA + ntee_broad_clean + TAXYEAR
selected_policy__full__net_activity_indicators__HHI_only,lag_hhi_public,-0.0394498578253026,0.00294121563821699,-13.4127730427877,1.19707039560627e-37,-0.0452219984775648,-0.0336777171730404,67950,CBSA + ntee_broad_clean + TAXYEAR
