min_reporting_pct,ntee_broad_clean,market_years,private,public,client,private_lowest
0,A_Arts,1779,0.379591401331113,0.535582834196586,0.461486597802105,TRUE
0,B_Education,1843,0.472537883522053,0.587261625515074,0.561741183134962,TRUE
0,CD_Environment_Animals,1767,0.47001981015861,0.667214988895698,0.585828863327318,TRUE
0,EFGH_Health,1834,0.432290986972903,0.557442298583275,0.625251168061189,TRUE
0,IJKLMNOP_Human_Services,1869,0.194835730724102,0.349648398483364,0.289401462836282,TRUE
0,Q_International,1145,0.654980028737375,0.755598804902364,0.758600950671969,TRUE
0,RSTUVW_Public_Benefit,1861,0.327520127731106,0.552964222363767,0.527046365958299,TRUE
0,X_Religion,1719,0.480574697259402,0.740666482954903,0.679129884852469,TRUE
0,Y_Mutual_Benefit,1619,0.592154885384443,0.848580725856247,0.704284873109301,TRUE
20,A_Arts,1322,0.319659317899408,0.507105411003126,0.41031107066872,TRUE
20,B_Education,1152,0.441854581300864,0.540383698468691,0.540264216071664,TRUE
20,CD_Environment_Animals,1051,0.427790693011563,0.656943149738317,0.547219540129402,TRUE
20,EFGH_Health,1571,0.399226064035403,0.537191482531242,0.598982795517945,TRUE
20,IJKLMNOP_Human_Services,1626,0.185410307920884,0.316377250870015,0.277407859827377,TRUE
20,RSTUVW_Public_Benefit,893,0.335902470326881,0.53921653837645,0.543223302894715,TRUE
20,Y_Mutual_Benefit,254,0.606252306260175,0.893969710128753,0.762193731008175,TRUE
20,X_Religion,456,0.490864296434251,0.809126096389985,0.72687379542159,TRUE
20,Q_International,291,0.517878174517775,0.776200804981475,0.741328766017165,TRUE
30,B_Education,580,0.482636587707332,0.547625730099685,0.589442182590807,TRUE
30,CD_Environment_Animals,640,0.502461938562327,0.693483510182348,0.620564583316606,TRUE
30,EFGH_Health,1279,0.406350511191329,0.523360470873531,0.6007966128102,TRUE
30,IJKLMNOP_Human_Services,890,0.1952675568707,0.306917402258253,0.301645099785872,TRUE
30,A_Arts,910,0.348030535537675,0.503921632897991,0.43559374558531,TRUE
30,RSTUVW_Public_Benefit,292,0.368965918860818,0.55859162974979,0.597973587584817,TRUE
30,X_Religion,243,0.618786938891254,0.848090836779182,0.792520439591268,TRUE
30,Y_Mutual_Benefit,132,0.705871990557183,0.871443154132771,0.830604241226084,TRUE
30,Q_International,146,0.622578806512185,0.84754402892245,0.865553772664565,TRUE
40,B_Education,280,0.555042249902268,0.618325320414254,0.67873900882658,TRUE
40,CD_Environment_Animals,381,0.581280546521704,0.740255160414629,0.683581413961195,TRUE
40,EFGH_Health,841,0.458123124809205,0.555631756125457,0.644853542385662,TRUE
40,A_Arts,502,0.427341537061934,0.569271659524954,0.509663514590626,TRUE
40,RSTUVW_Public_Benefit,74,0.430253246815593,0.575411467713481,0.646481992356678,TRUE
40,IJKLMNOP_Human_Services,340,0.221539266954243,0.32430574358042,0.35204126287745,TRUE
40,X_Religion,154,0.683951815702603,0.881493686714568,0.822463594696512,TRUE
40,Q_International,93,0.695692555068615,0.895683132305665,0.919854806686197,TRUE
40,Y_Mutual_Benefit,80,0.758964717458019,0.850632649709326,0.862363594365618,TRUE
50,B_Education,167,0.632446790719795,0.695830934555566,0.743637107491061,TRUE
50,CD_Environment_Animals,275,0.677214610723626,0.830856513709326,0.775985424354867,TRUE
50,EFGH_Health,527,0.524745891397088,0.603422321368565,0.688432501009662,TRUE
50,IJKLMNOP_Human_Services,108,0.244427850316034,0.356139641260369,0.43835060865026,TRUE
50,X_Religion,123,0.747089396751918,0.919097887026494,0.892248396071433,TRUE
50,Q_International,77,0.7532555989708,0.937244137256058,0.955958776549035,TRUE
50,A_Arts,311,0.509371271609959,0.647463796656732,0.597644317981611,TRUE
50,Y_Mutual_Benefit,67,0.790030145034329,0.867836476306268,0.900717408278735,TRUE
50,RSTUVW_Public_Benefit,34,0.528713732188723,0.669801371169181,0.706362159684108,TRUE
