CBSA,ntee_broad_clean,TAXYEAR,n_orgs,floored_orgs,floor_dollars,total_gross,total_public
14460,B_Education,2012,2171,2,407546875,3609323865,1629077183
46060,EFGH_Health,2012,123,1,211675529,249601239,407576280
22380,RSTUVW_Public_Benefit,2012,42,1,110717391,50346324,153157052
35620,EFGH_Health,2014,3146,3,107106111,7134704856,2636764329
41740,EFGH_Health,2014,355,1,71990374,1204902114,829626264
31080,IJKLMNOP_Human_Services,2017,5469,2,68455445,7605095204,5137463123
38060,EFGH_Health,2012,438,5,65545144,480227919,200937714
41700,IJKLMNOP_Human_Services,2015,822,2,51840631,738769266,363748848
10580,EFGH_Health,2019,246,1,48913016,2431445427,868455439
31080,EFGH_Health,2019,1478,2,41264508,3693675093,1675410984
35620,IJKLMNOP_Human_Services,2017,10912,13,30625270,10350791306,5020971691
46060,EFGH_Health,2014,118,1,30479666,516967117,505047860
35620,IJKLMNOP_Human_Services,2021,10817,22,28479296,16341065170,7513010531
19820,RSTUVW_Public_Benefit,2014,1042,1,26997499,491404767,113402122
35620,IJKLMNOP_Human_Services,2015,10739,7,26803679,9098696493,4366442251
21340,IJKLMNOP_Human_Services,2015,158,1,26488448,148223823,132948542
12420,IJKLMNOP_Human_Services,2019,943,1,24841501,1436649847,852824157
39660,EFGH_Health,2020,24,1,24826138,56931685,75152155
18500,EFGH_Health,2019,19,1,24535898,23792530,46138716
41860,EFGH_Health,2014,727,2,22010626,1565224470,738731047
40140,EFGH_Health,2016,280,1,19881521,382749010,107256250
40380,EFGH_Health,2015,246,1,16763932,170608422,118580305
35620,IJKLMNOP_Human_Services,2018,10986,7,16243102,10725712529,5088863326
16980,CD_Environment_Animals,2020,443,1,15585549,295664074,68951112
47900,EFGH_Health,2021,1403,4,15447281,5444614562,1700466312
46060,EFGH_Health,2013,119,1,15300578,471286492,445502754
35620,CD_Environment_Animals,2021,1057,2,14480387,2365064049,352589071
19820,IJKLMNOP_Human_Services,2021,1944,2,12778275,2019408002,950028587
27340,A_Arts,2021,4,1,12553160,936544,13204542
35620,Q_International,2019,1191,1,12304172,7770273568,1427945635
17140,A_Arts,2020,255,1,12286005,243138447,75547408
35620,IJKLMNOP_Human_Services,2019,10935,10,11846798,11945722147,5353552724
35620,EFGH_Health,2013,3138,4,11714386,7381552883,2714721295
22380,EFGH_Health,2012,15,1,11482003,83136140,92355064
37340,B_Education,2019,76,1,11432350,75179596,78007490
12260,EFGH_Health,2021,62,3,10251699,32227293,31930927
31080,IJKLMNOP_Human_Services,2019,5485,3,9755426,9489433588,6666779141
31140,EFGH_Health,2013,175,1,9698501,173595052,103152787
35620,IJKLMNOP_Human_Services,2012,10244,6,9657226,7761907549,3345961001
31080,IJKLMNOP_Human_Services,2013,5265,1,9564823,7037623673,3467531270
16740,B_Education,2012,465,1,9349987,315363477,95933650
35620,RSTUVW_Public_Benefit,2015,5029,3,9257429,7207106347,1634073344
40980,IJKLMNOP_Human_Services,2017,103,1,9227413,55785453,35242787
16740,B_Education,2013,492,1,9125788,348203650,116354280
12420,EFGH_Health,2013,304,3,8770414,335770297,160671882
17780,IJKLMNOP_Human_Services,2019,124,1,8320664,67110575,42860239
35620,IJKLMNOP_Human_Services,2020,10732,12,8038948,13467215503,
38060,IJKLMNOP_Human_Services,2021,1439,1,7970528,1513672181,482753259
12100,EFGH_Health,2015,56,1,7727257,37549686,27497601
14460,IJKLMNOP_Human_Services,2021,4061,3,7640219,4583735702,2544122395
