scenario,sample,measure,N,CBSAs,gross_pp,gross_pc,net_pp,net_pc,gap_gross,gap_net,gap_change,gap_gross_lo,gap_gross_hi,gap_net_lo,gap_net_hi,gap_change_lo,gap_change_hi
original_rows,no_floor,pearson,46206,930,0.574687904069982,0.246604692509701,0.179800320699298,0.188619366964614,0.328083211560282,-0.00881904626531632,-0.336902257825598,0.315766902347953,0.339631368884522,-0.0182469932686674,-0.000198627142767022,-0.347027012882137,-0.326558937234683
original_rows,no_floor,spearman,46206,930,0.467352859891664,0.075929572384761,0.164146927540285,-0.004729254792857,0.391423287506903,0.168876182333142,-0.222547105173761,0.382645165948783,0.400007478701356,0.161062881297899,0.176867114892597,-0.229379519581798,-0.215605595290297
original_rows,no_floor,partial,44090,927,0.487021195039254,-0.0485709648792321,0.00422274621831128,-0.0611630688040808,0.535592159918486,0.0653858150223921,-0.470206344896094,0.518657243077095,0.551407945513588,0.0534732456112369,0.0770955349714457,-0.484416588031598,-0.455601672650516
original_rows,period_verified,pearson,47529,930,0.576614561902345,0.246919492708063,0.179996045449408,0.189441437946601,0.329695069194282,-0.00944539249719298,-0.339140461691475,0.317513644824398,0.341356940281789,-0.0187324130452798,-0.000913516923229857,-0.349373202167087,-0.328770949385583
original_rows,period_verified,spearman,47529,930,0.467903792511221,0.0741159876887406,0.163459856139429,-0.00667972321583187,0.39378780482248,0.170139579355261,-0.223648225467219,0.385119162052098,0.402410694326712,0.162454486560545,0.177845269953742,-0.230330768132903,-0.216782628946536
original_rows,period_verified,partial,45407,927,0.490404688698234,-0.0443150216697363,0.00666901627301663,-0.0570898174837256,0.53471971036797,0.0637588337567422,-0.470960876611228,0.517699569287217,0.550320340790986,0.0519522704964232,0.0748912670002711,-0.484759558755674,-0.456309651784649
original_rows,common_three_metrics,pearson,45407,927,0.573878551953159,0.242071414294451,0.178311737781631,0.189721552848615,0.331807137658708,-0.011409815066984,-0.343216952725692,0.319553545715944,0.34362578742775,-0.0199735300462499,-0.00275677289091519,-0.352210875107236,-0.333767338500052
original_rows,common_three_metrics,spearman,45407,927,0.461408065406804,0.062670083526634,0.161821680374906,-0.0141791870981596,0.39873798188017,0.176000867473065,-0.222737114407104,0.390712734961346,0.406585841753984,0.168086148740615,0.184324486546295,-0.22895410499661,-0.216483338752707
original_rows,common_three_metrics,partial,45407,927,0.490404688698234,-0.0443150216697363,0.00666901627301663,-0.0570898174837256,0.53471971036797,0.0637588337567422,-0.470960876611228,0.517699569287217,0.550320340790986,0.0519522704964232,0.0748912670002711,-0.484759558755674,-0.456309651784649
original_rows,common_three_metrics_no_floor,pearson,44090,927,0.571740660444013,0.241603515273772,0.177972051308974,0.188887027186766,0.33013714517024,-0.0109149758777913,-0.341052121048032,0.3176090927823,0.341777373096156,-0.0194586628426608,-0.00224495489234518,-0.350164636559901,-0.331209367526803
original_rows,common_three_metrics_no_floor,spearman,44090,927,0.460614941161664,0.0642409561047709,0.162397441144849,-0.0123445796363365,0.396373985056893,0.174742020781186,-0.221631964275707,0.388174531335431,0.404335530267849,0.166875167120932,0.18308079748764,-0.227952187505095,-0.215440941485974
original_rows,common_three_metrics_no_floor,partial,44090,927,0.487021195039254,-0.0485709648792321,0.00422274621831128,-0.0611630688040808,0.535592159918486,0.0653858150223921,-0.470206344896094,0.518657243077095,0.551407945513588,0.0534732456112369,0.0770955349714457,-0.484416588031598,-0.455601672650516
selected_policy,no_floor,pearson,46225,930,0.575041408494198,0.246806343879621,0.180205772700279,0.188833233108055,0.328235064614577,-0.00862746040777544,-0.336862525022352,0.315962812773686,0.339733943769593,-0.0179685275496028,5.16618431153798e-05,-0.34712145680064,-0.326487384954558
selected_policy,no_floor,spearman,46225,930,0.467065199282214,0.0753953840448123,0.164218829163589,-0.00529882588666828,0.391669815237401,0.169517655050258,-0.222152160187143,0.382947111711488,0.400362708582207,0.161877573109246,0.177398253798766,-0.229018146830813,-0.215219351960888
selected_policy,no_floor,partial,44083,927,0.487524025688758,-0.0478377484678338,0.00501720089652666,-0.0605528772732687,0.535361774156592,0.0655700781697953,-0.469791695986797,0.518332460438545,0.55116856428635,0.0535817992001995,0.0771274372915434,-0.484043018354636,-0.455227424001959
selected_policy,period_verified,pearson,47420,930,0.576823819238354,0.2471882123456,0.180343592775736,0.189598765915377,0.329635606892754,-0.00925517313964027,-0.338890780032394,0.317596373352996,0.341079461743839,-0.0185452051746523,-0.000737011517802403,-0.349147444479488,-0.328466426774266
selected_policy,period_verified,spearman,47420,930,0.467494625623769,0.0737568794711881,0.163481945184944,-0.0070964703695848,0.39373774615258,0.170578415554529,-0.223159330598051,0.384953322551893,0.402467251885568,0.162835272379747,0.178306245034572,-0.229769266978155,-0.216321158952498
selected_policy,period_verified,partial,45270,927,0.490649536939222,-0.0439283848027925,0.00718135605590354,-0.056852603601392,0.534577921742014,0.0640339596572955,-0.470543962084719,0.517537157870842,0.550367715588242,0.0522395599619994,0.075347819081138,-0.484473198398576,-0.456010699928337
selected_policy,common_three_metrics,pearson,45357,927,0.574163766792452,0.242368204507168,0.178780417760352,0.189967770089012,0.331795562285283,-0.0111873523286604,-0.342982914613943,0.3194913569571,0.343426892093678,-0.0197196658358533,-0.00259705265180196,-0.351976306545548,-0.333454919003666
selected_policy,common_three_metrics,spearman,45357,927,0.460886444951205,0.0619833919933404,0.161915146666829,-0.0148178831254021,0.398903052957864,0.176733029792232,-0.222170023165633,0.391003430848369,0.406858208652228,0.168856079102913,0.185008834220096,-0.228266736962185,-0.215901618611473
selected_policy,common_three_metrics,partial,45357,927,0.490828588375882,-0.0436439733128003,0.00741877933006835,-0.0565768230630484,0.534472561688683,0.0639956023931167,-0.470476959295566,0.51748913561608,0.550198663005557,0.0521256283902247,0.0752618697172378,-0.484245341359158,-0.455968617900774
selected_policy,common_three_metrics_no_floor,pearson,44083,927,0.572068329327767,0.24186079811484,0.178413614185702,0.189122746798921,0.330207531212926,-0.0107091326132188,-0.340916663826145,0.317631844739867,0.341822082027795,-0.0192087440074623,-0.00202049110279932,-0.34993666693521,-0.331332672194122
selected_policy,common_three_metrics_no_floor,spearman,44083,927,0.460233471256516,0.0635414059023559,0.162464115159865,-0.013055556208693,0.396692065354161,0.175519671368558,-0.221172393985602,0.388532529408669,0.404765137598812,0.167735739918874,0.183791800876222,-0.227416990956859,-0.21495545951859
selected_policy,common_three_metrics_no_floor,partial,44083,927,0.487524025688758,-0.0478377484678338,0.00501720089652666,-0.0605528772732687,0.535361774156592,0.0655700781697953,-0.469791695986797,0.518332460438545,0.55116856428635,0.0535817992001995,0.0771274372915434,-0.484043018354636,-0.455227424001959
